id,happy,sad,surprise,neutral,angry
1,0015_000701,0015_001051,0015_001401,0015_000001,0015_000351
2,0015_000702,0015_001052,0015_001402,0015_000002,0015_000352
3,0015_000703,0015_001053,0015_001403,0015_000003,0015_000353
4,0015_000704,0015_001054,0015_001404,0015_000004,0015_000354
5,0015_000705,0015_001055,0015_001405,0015_000005,0015_000355
6,0015_000706,0015_001056,0015_001406,0015_000006,0015_000356
7,0015_000707,0015_001057,0015_001407,0015_000007,0015_000357
8,0015_000708,0015_001058,0015_001408,0015_000008,0015_000358
9,0015_000709,0015_001059,0015_001409,0015_000009,0015_000359
10,0015_000710,0015_001060,0015_001410,0015_000010,0015_000360
11,0015_000711,0015_001061,0015_001411,0015_000011,0015_000361
12,0015_000712,0015_001062,0015_001412,0015_000012,0015_000362
13,0015_000713,0015_001063,0015_001413,0015_000013,0015_000363
14,0015_000714,0015_001064,0015_001414,0015_000014,0015_000364
15,0015_000715,0015_001065,0015_001415,0015_000015,0015_000365
16,0015_000716,0015_001066,0015_001416,0015_000016,0015_000366
17,0015_000717,0015_001067,0015_001417,0015_000017,0015_000367
18,0015_000718,0015_001068,0015_001418,0015_000018,0015_000368
19,0015_000719,0015_001069,0015_001419,0015_000019,0015_000369
20,0015_000720,0015_001070,0015_001420,0015_000020,0015_000370
21,0015_000721,0015_001071,0015_001421,0015_000021,0015_000371
22,0015_000722,0015_001072,0015_001422,0015_000022,0015_000372
23,0015_000723,0015_001073,0015_001423,0015_000023,0015_000373
24,0015_000724,0015_001074,0015_001424,0015_000024,0015_000374
25,0015_000725,0015_001075,0015_001425,0015_000025,0015_000375
26,0015_000726,0015_001076,0015_001426,0015_000026,0015_000376
27,0015_000727,0015_001077,0015_001427,0015_000027,0015_000377
28,0015_000728,0015_001078,0015_001428,0015_000028,0015_000378
29,0015_000729,0015_001079,0015_001429,0015_000029,0015_000379
30,0015_000730,0015_001080,0015_001430,0015_000030,0015_000380
31,0015_000731,0015_001081,0015_001431,0015_000031,0015_000381
32,0015_000732,0015_001082,0015_001432,0015_000032,0015_000382
33,0015_000733,0015_001083,0015_001433,0015_000033,0015_000383
34,0015_000734,0015_001084,0015_001434,0015_000034,0015_000384
35,0015_000735,0015_001085,0015_001435,0015_000035,0015_000385
36,0015_000736,0015_001086,0015_001436,0015_000036,0015_000386
37,0015_000737,0015_001087,0015_001437,0015_000037,0015_000387
38,0015_000738,0015_001088,0015_001438,0015_000038,0015_000388
39,0015_000739,0015_001089,0015_001439,0015_000039,0015_000389
40,0015_000740,0015_001090,0015_001440,0015_000040,0015_000390
41,0015_000741,0015_001091,0015_001441,0015_000041,0015_000391
42,0015_000742,0015_001092,0015_001442,0015_000042,0015_000392
43,0015_000743,0015_001093,0015_001443,0015_000043,0015_000393
44,0015_000744,0015_001094,0015_001444,0015_000044,0015_000394
45,0015_000745,0015_001095,0015_001445,0015_000045,0015_000395
46,0015_000746,0015_001096,0015_001446,0015_000046,0015_000396
47,0015_000747,0015_001097,0015_001447,0015_000047,0015_000397
48,0015_000748,0015_001098,0015_001448,0015_000048,0015_000398
49,0015_000749,0015_001099,0015_001449,0015_000049,0015_000399
50,0015_000750,0015_001100,0015_001450,0015_000050,0015_000400
51,0015_000751,0015_001101,0015_001451,0015_000051,0015_000401
52,0015_000752,0015_001102,0015_001452,0015_000052,0015_000402
53,0015_000753,0015_001103,0015_001453,0015_000053,0015_000403
54,0015_000754,0015_001104,0015_001454,0015_000054,0015_000404
55,0015_000755,0015_001105,0015_001455,0015_000055,0015_000405
56,0015_000756,0015_001106,0015_001456,0015_000056,0015_000406
57,0015_000757,0015_001107,0015_001457,0015_000057,0015_000407
58,0015_000758,0015_001108,0015_001458,0015_000058,0015_000408
59,0015_000759,0015_001109,0015_001459,0015_000059,0015_000409
60,0015_000760,0015_001110,0015_001460,0015_000060,0015_000410
61,0015_000761,0015_001111,0015_001461,0015_000061,0015_000411
62,0015_000762,0015_001112,0015_001462,0015_000062,0015_000412
63,0015_000763,0015_001113,0015_001463,0015_000063,0015_000413
64,0015_000764,0015_001114,0015_001464,0015_000064,0015_000414
65,0015_000765,0015_001115,0015_001465,0015_000065,0015_000415
66,0015_000766,0015_001116,0015_001466,0015_000066,0015_000416
67,0015_000767,0015_001117,0015_001467,0015_000067,0015_000417
68,0015_000768,0015_001118,0015_001468,0015_000068,0015_000418
69,0015_000769,0015_001119,0015_001469,0015_000069,0015_000419
70,0015_000770,0015_001120,0015_001470,0015_000070,0015_000420
71,0015_000771,0015_001121,0015_001471,0015_000071,0015_000421
72,0015_000772,0015_001122,0015_001472,0015_000072,0015_000422
73,0015_000773,0015_001123,0015_001473,0015_000073,0015_000423
74,0015_000774,0015_001124,0015_001474,0015_000074,0015_000424
75,0015_000775,0015_001125,0015_001475,0015_000075,0015_000425
76,0015_000776,0015_001126,0015_001476,0015_000076,0015_000426
77,0015_000777,0015_001127,0015_001477,0015_000077,0015_000427
78,0015_000778,0015_001128,0015_001478,0015_000078,0015_000428
79,0015_000779,0015_001129,0015_001479,0015_000079,0015_000429
80,0015_000780,0015_001130,0015_001480,0015_000080,0015_000430
81,0015_000781,0015_001131,0015_001481,0015_000081,0015_000431
82,0015_000782,0015_001132,0015_001482,0015_000082,0015_000432
83,0015_000783,0015_001133,0015_001483,0015_000083,0015_000433
84,0015_000784,0015_001134,0015_001484,0015_000084,0015_000434
85,0015_000785,0015_001135,0015_001485,0015_000085,0015_000435
86,0015_000786,0015_001136,0015_001486,0015_000086,0015_000436
87,0015_000787,0015_001137,0015_001487,0015_000087,0015_000437
88,0015_000788,0015_001138,0015_001488,0015_000088,0015_000438
89,0015_000789,0015_001139,0015_001489,0015_000089,0015_000439
90,0015_000790,0015_001140,0015_001490,0015_000090,0015_000440
91,0015_000791,0015_001141,0015_001491,0015_000091,0015_000441
92,0015_000792,0015_001142,0015_001492,0015_000092,0015_000442
93,0015_000793,0015_001143,0015_001493,0015_000093,0015_000443
94,0015_000794,0015_001144,0015_001494,0015_000094,0015_000444
95,0015_000795,0015_001145,0015_001495,0015_000095,0015_000445
96,0015_000796,0015_001146,0015_001496,0015_000096,0015_000446
97,0015_000797,0015_001147,0015_001497,0015_000097,0015_000447
98,0015_000798,0015_001148,0015_001498,0015_000098,0015_000448
99,0015_000799,0015_001149,0015_001499,0015_000099,0015_000449
100,0015_000800,0015_001150,0015_001500,0015_000100,0015_000450
101,0015_000801,0015_001151,0015_001501,0015_000101,0015_000451
102,0015_000802,0015_001152,0015_001502,0015_000102,0015_000452
103,0015_000803,0015_001153,0015_001503,0015_000103,0015_000453
104,0015_000804,0015_001154,0015_001504,0015_000104,0015_000454
105,0015_000805,0015_001155,0015_001505,0015_000105,0015_000455
106,0015_000806,0015_001156,0015_001506,0015_000106,0015_000456
107,0015_000807,0015_001157,0015_001507,0015_000107,0015_000457
108,0015_000808,0015_001158,0015_001508,0015_000108,0015_000458
109,0015_000809,0015_001159,0015_001509,0015_000109,0015_000459
110,0015_000810,0015_001160,0015_001510,0015_000110,0015_000460
111,0015_000811,0015_001161,0015_001511,0015_000111,0015_000461
112,0015_000812,0015_001162,0015_001512,0015_000112,0015_000462
113,0015_000813,0015_001163,0015_001513,0015_000113,0015_000463
114,0015_000814,0015_001164,0015_001514,0015_000114,0015_000464
115,0015_000815,0015_001165,0015_001515,0015_000115,0015_000465
116,0015_000816,0015_001166,0015_001516,0015_000116,0015_000466
117,0015_000817,0015_001167,0015_001517,0015_000117,0015_000467
118,0015_000818,0015_001168,0015_001518,0015_000118,0015_000468
119,0015_000819,0015_001169,0015_001519,0015_000119,0015_000469
120,0015_000820,0015_001170,0015_001520,0015_000120,0015_000470
121,0015_000822,0015_001172,0015_001522,0015_000122,0015_000472
122,0015_000823,0015_001173,0015_001523,0015_000123,0015_000473
123,0015_000824,0015_001174,0015_001524,0015_000124,0015_000474
124,0015_000825,0015_001175,0015_001525,0015_000125,0015_000475
125,0015_000826,0015_001176,0015_001526,0015_000126,0015_000476
126,0015_000827,0015_001177,0015_001527,0015_000127,0015_000477
127,0015_000828,0015_001178,0015_001528,0015_000128,0015_000478
128,0015_000829,0015_001179,0015_001529,0015_000129,0015_000479
129,0015_000830,0015_001180,0015_001530,0015_000130,0015_000480
130,0015_000832,0015_001182,0015_001532,0015_000132,0015_000482
131,0015_000833,0015_001183,0015_001533,0015_000133,0015_000483
132,0015_000834,0015_001184,0015_001534,0015_000134,0015_000484
133,0015_000835,0015_001185,0015_001535,0015_000135,0015_000485
134,0015_000836,0015_001186,0015_001536,0015_000136,0015_000486
135,0015_000839,0015_001189,0015_001539,0015_000139,0015_000489
136,0015_000840,0015_001190,0015_001540,0015_000140,0015_000490
137,0015_000841,0015_001191,0015_001541,0015_000141,0015_000491
138,0015_000842,0015_001192,0015_001542,0015_000142,0015_000492
139,0015_000843,0015_001193,0015_001543,0015_000143,0015_000493
140,0015_000844,0015_001194,0015_001544,0015_000144,0015_000494
141,0015_000845,0015_001195,0015_001545,0015_000145,0015_000495
142,0015_000846,0015_001196,0015_001546,0015_000146,0015_000496
143,0015_000847,0015_001197,0015_001547,0015_000147,0015_000497
144,0015_000848,0015_001198,0015_001548,0015_000148,0015_000498
145,0015_000849,0015_001199,0015_001549,0015_000149,0015_000499
146,0015_000850,0015_001200,0015_001550,0015_000150,0015_000500
147,0015_000851,0015_001201,0015_001551,0015_000151,0015_000501
148,0015_000852,0015_001202,0015_001552,0015_000152,0015_000502
149,0015_000853,0015_001203,0015_001553,0015_000153,0015_000503
150,0015_000854,0015_001204,0015_001554,0015_000154,0015_000504
151,0015_000855,0015_001205,0015_001555,0015_000155,0015_000505
152,0015_000856,0015_001206,0015_001556,0015_000156,0015_000506
153,0015_000857,0015_001207,0015_001557,0015_000157,0015_000507
154,0015_000858,0015_001208,0015_001558,0015_000158,0015_000508
155,0015_000859,0015_001209,0015_001559,0015_000159,0015_000509
156,0015_000860,0015_001210,0015_001560,0015_000160,0015_000510
157,0015_000861,0015_001211,0015_001561,0015_000161,0015_000511
158,0015_000862,0015_001212,0015_001562,0015_000162,0015_000512
159,0015_000863,0015_001213,0015_001563,0015_000163,0015_000513
160,0015_000864,0015_001214,0015_001564,0015_000164,0015_000514
161,0015_000865,0015_001215,0015_001565,0015_000165,0015_000515
162,0015_000866,0015_001216,0015_001566,0015_000166,0015_000516
163,0015_000867,0015_001217,0015_001567,0015_000167,0015_000517
164,0015_000868,0015_001218,0015_001568,0015_000168,0015_000518
165,0015_000869,0015_001219,0015_001569,0015_000169,0015_000519
166,0015_000870,0015_001220,0015_001570,0015_000170,0015_000520
167,0015_000871,0015_001221,0015_001571,0015_000171,0015_000521
168,0015_000872,0015_001222,0015_001572,0015_000172,0015_000522
169,0015_000873,0015_001223,0015_001573,0015_000173,0015_000523
170,0015_000874,0015_001224,0015_001574,0015_000174,0015_000524
171,0015_000876,0015_001226,0015_001576,0015_000176,0015_000526
172,0015_000877,0015_001227,0015_001577,0015_000177,0015_000527
173,0015_000879,0015_001229,0015_001579,0015_000179,0015_000529
174,0015_000880,0015_001230,0015_001580,0015_000180,0015_000530
175,0015_000881,0015_001231,0015_001581,0015_000181,0015_000531
176,0015_000882,0015_001232,0015_001582,0015_000182,0015_000532
177,0015_000883,0015_001233,0015_001583,0015_000183,0015_000533
178,0015_000884,0015_001234,0015_001584,0015_000184,0015_000534
179,0015_000885,0015_001235,0015_001585,0015_000185,0015_000535
180,0015_000886,0015_001236,0015_001586,0015_000186,0015_000536
181,0015_000888,0015_001238,0015_001588,0015_000188,0015_000538
182,0015_000890,0015_001240,0015_001590,0015_000190,0015_000540
183,0015_000891,0015_001241,0015_001591,0015_000191,0015_000541
184,0015_000892,0015_001242,0015_001592,0015_000192,0015_000542
185,0015_000893,0015_001243,0015_001593,0015_000193,0015_000543
186,0015_000894,0015_001244,0015_001594,0015_000194,0015_000544
187,0015_000895,0015_001245,0015_001595,0015_000195,0015_000545
188,0015_000896,0015_001246,0015_001596,0015_000196,0015_000546
189,0015_000897,0015_001247,0015_001597,0015_000197,0015_000547
190,0015_000898,0015_001248,0015_001598,0015_000198,0015_000548
191,0015_000899,0015_001249,0015_001599,0015_000199,0015_000549
192,0015_000900,0015_001250,0015_001600,0015_000200,0015_000550
193,0015_000901,0015_001251,0015_001601,0015_000201,0015_000551
194,0015_000902,0015_001252,0015_001602,0015_000202,0015_000552
195,0015_000903,0015_001253,0015_001603,0015_000203,0015_000553
196,0015_000904,0015_001254,0015_001604,0015_000204,0015_000554
197,0015_000905,0015_001255,0015_001605,0015_000205,0015_000555
198,0015_000906,0015_001256,0015_001606,0015_000206,0015_000556
199,0015_000907,0015_001257,0015_001607,0015_000207,0015_000557
200,0015_000908,0015_001258,0015_001608,0015_000208,0015_000558
201,0015_000909,0015_001259,0015_001609,0015_000209,0015_000559
202,0015_000910,0015_001260,0015_001610,0015_000210,0015_000560
203,0015_000911,0015_001261,0015_001611,0015_000211,0015_000561
204,0015_000912,0015_001262,0015_001612,0015_000212,0015_000562
205,0015_000913,0015_001263,0015_001613,0015_000213,0015_000563
206,0015_000914,0015_001264,0015_001614,0015_000214,0015_000564
207,0015_000915,0015_001265,0015_001615,0015_000215,0015_000565
208,0015_000916,0015_001266,0015_001616,0015_000216,0015_000566
209,0015_000918,0015_001268,0015_001618,0015_000218,0015_000568
210,0015_000919,0015_001269,0015_001619,0015_000219,0015_000569
211,0015_000920,0015_001270,0015_001620,0015_000220,0015_000570
212,0015_000921,0015_001271,0015_001621,0015_000221,0015_000571
213,0015_000922,0015_001272,0015_001622,0015_000222,0015_000572
214,0015_000923,0015_001273,0015_001623,0015_000223,0015_000573
215,0015_000924,0015_001274,0015_001624,0015_000224,0015_000574
216,0015_000925,0015_001275,0015_001625,0015_000225,0015_000575
217,0015_000926,0015_001276,0015_001626,0015_000226,0015_000576
218,0015_000927,0015_001277,0015_001627,0015_000227,0015_000577
219,0015_000928,0015_001278,0015_001628,0015_000228,0015_000578
220,0015_000929,0015_001279,0015_001629,0015_000229,0015_000579
221,0015_000930,0015_001280,0015_001630,0015_000230,0015_000580
222,0015_000931,0015_001281,0015_001631,0015_000231,0015_000581
223,0015_000932,0015_001282,0015_001632,0015_000232,0015_000582
224,0015_000933,0015_001283,0015_001633,0015_000233,0015_000583
225,0015_000934,0015_001284,0015_001634,0015_000234,0015_000584
226,0015_000935,0015_001285,0015_001635,0015_000235,0015_000585
227,0015_000936,0015_001286,0015_001636,0015_000236,0015_000586
228,0015_000937,0015_001287,0015_001637,0015_000237,0015_000587
229,0015_000938,0015_001288,0015_001638,0015_000238,0015_000588
230,0015_000939,0015_001289,0015_001639,0015_000239,0015_000589
231,0015_000940,0015_001290,0015_001640,0015_000240,0015_000590
232,0015_000941,0015_001291,0015_001641,0015_000241,0015_000591
233,0015_000942,0015_001292,0015_001642,0015_000242,0015_000592
234,0015_000943,0015_001293,0015_001643,0015_000243,0015_000593
235,0015_000944,0015_001294,0015_001644,0015_000244,0015_000594
236,0015_000945,0015_001295,0015_001645,0015_000245,0015_000595
237,0015_000946,0015_001296,0015_001646,0015_000246,0015_000596
238,0015_000947,0015_001297,0015_001647,0015_000247,0015_000597
239,0015_000948,0015_001298,0015_001648,0015_000248,0015_000598
240,0015_000949,0015_001299,0015_001649,0015_000249,0015_000599
241,0015_000950,0015_001300,0015_001650,0015_000250,0015_000600
242,0015_000951,0015_001301,0015_001651,0015_000251,0015_000601
243,0015_000952,0015_001302,0015_001652,0015_000252,0015_000602
244,0015_000953,0015_001303,0015_001653,0015_000253,0015_000603
245,0015_000954,0015_001304,0015_001654,0015_000254,0015_000604
246,0015_000955,0015_001305,0015_001655,0015_000255,0015_000605
247,0015_000956,0015_001306,0015_001656,0015_000256,0015_000606
248,0015_000957,0015_001307,0015_001657,0015_000257,0015_000607
249,0015_000958,0015_001308,0015_001658,0015_000258,0015_000608
250,0015_000959,0015_001309,0015_001659,0015_000259,0015_000609
251,0015_000960,0015_001310,0015_001660,0015_000260,0015_000610
252,0015_000961,0015_001311,0015_001661,0015_000261,0015_000611
253,0015_000962,0015_001312,0015_001662,0015_000262,0015_000612
254,0015_000963,0015_001313,0015_001663,0015_000263,0015_000613
255,0015_000964,0015_001314,0015_001664,0015_000264,0015_000614
256,0015_000965,0015_001315,0015_001665,0015_000265,0015_000615
257,0015_000966,0015_001316,0015_001666,0015_000266,0015_000616
258,0015_000967,0015_001317,0015_001667,0015_000267,0015_000617
259,0015_000968,0015_001318,0015_001668,0015_000268,0015_000618
260,0015_000969,0015_001319,0015_001669,0015_000269,0015_000619
261,0015_000970,0015_001320,0015_001670,0015_000270,0015_000620
262,0015_000971,0015_001321,0015_001671,0015_000271,0015_000621
263,0015_000972,0015_001322,0015_001672,0015_000272,0015_000622
264,0015_000974,0015_001324,0015_001674,0015_000274,0015_000624
265,0015_000976,0015_001326,0015_001676,0015_000276,0015_000626
266,0015_000977,0015_001327,0015_001677,0015_000277,0015_000627
267,0015_000978,0015_001328,0015_001678,0015_000278,0015_000628
268,0015_000979,0015_001329,0015_001679,0015_000279,0015_000629
269,0015_000980,0015_001330,0015_001680,0015_000280,0015_000630
270,0015_000982,0015_001332,0015_001682,0015_000282,0015_000632
271,0015_000983,0015_001333,0015_001683,0015_000283,0015_000633
272,0015_000984,0015_001334,0015_001684,0015_000284,0015_000634
273,0015_000985,0015_001335,0015_001685,0015_000285,0015_000635
274,0015_000986,0015_001336,0015_001686,0015_000286,0015_000636
275,0015_000987,0015_001337,0015_001687,0015_000287,0015_000637
276,0015_000988,0015_001338,0015_001688,0015_000288,0015_000638
277,0015_000989,0015_001339,0015_001689,0015_000289,0015_000639
278,0015_000990,0015_001340,0015_001690,0015_000290,0015_000640
279,0015_000991,0015_001341,0015_001691,0015_000291,0015_000641
280,0015_000992,0015_001342,0015_001692,0015_000292,0015_000642
281,0015_000993,0015_001343,0015_001693,0015_000293,0015_000643
282,0015_000994,0015_001344,0015_001694,0015_000294,0015_000644
283,0015_000995,0015_001345,0015_001695,0015_000295,0015_000645
284,0015_000996,0015_001346,0015_001696,0015_000296,0015_000646
285,0015_000997,0015_001347,0015_001697,0015_000297,0015_000647
286,0015_000998,0015_001348,0015_001698,0015_000298,0015_000648
287,0015_000999,0015_001349,0015_001699,0015_000299,0015_000649
288,0015_001000,0015_001350,0015_001700,0015_000300,0015_000650
289,0015_001001,0015_001351,0015_001701,0015_000301,0015_000651
290,0015_001002,0015_001352,0015_001702,0015_000302,0015_000652
291,0015_001003,0015_001353,0015_001703,0015_000303,0015_000653
292,0015_001004,0015_001354,0015_001704,0015_000304,0015_000654
293,0015_001005,0015_001355,0015_001705,0015_000305,0015_000655
294,0015_001006,0015_001356,0015_001706,0015_000306,0015_000656
295,0015_001007,0015_001357,0015_001707,0015_000307,0015_000657
296,0015_001008,0015_001358,0015_001708,0015_000308,0015_000658
297,0015_001009,0015_001359,0015_001709,0015_000309,0015_000659
298,0015_001010,0015_001360,0015_001710,0015_000310,0015_000660
299,0015_001011,0015_001361,0015_001711,0015_000311,0015_000661
300,0015_001012,0015_001362,0015_001712,0015_000312,0015_000662
301,0015_001013,0015_001363,0015_001713,0015_000313,0015_000663
302,0015_001014,0015_001364,0015_001714,0015_000314,0015_000664
303,0015_001016,0015_001366,0015_001716,0015_000316,0015_000666
304,0015_001017,0015_001367,0015_001717,0015_000317,0015_000667
305,0015_001019,0015_001369,0015_001719,0015_000319,0015_000669
306,0015_001020,0015_001370,0015_001720,0015_000320,0015_000670
307,0015_001021,0015_001371,0015_001721,0015_000321,0015_000671
308,0015_001022,0015_001372,0015_001722,0015_000322,0015_000672
309,0015_001023,0015_001373,0015_001723,0015_000323,0015_000673
310,0015_001025,0015_001375,0015_001725,0015_000325,0015_000675
311,0015_001027,0015_001377,0015_001727,0015_000327,0015_000677
312,0015_001028,0015_001378,0015_001728,0015_000328,0015_000678
313,0015_001029,0015_001379,0015_001729,0015_000329,0015_000679
314,0015_001030,0015_001380,0015_001730,0015_000330,0015_000680
315,0015_001031,0015_001381,0015_001731,0015_000331,0015_000681
316,0015_001032,0015_001382,0015_001732,0015_000332,0015_000682
317,0015_001033,0015_001383,0015_001733,0015_000333,0015_000683
318,0015_001034,0015_001384,0015_001734,0015_000334,0015_000684
319,0015_001035,0015_001385,0015_001735,0015_000335,0015_000685
320,0015_001036,0015_001386,0015_001736,0015_000336,0015_000686
321,0015_001037,0015_001387,0015_001737,0015_000337,0015_000687
322,0015_001038,0015_001388,0015_001738,0015_000338,0015_000688
323,0015_001039,0015_001389,0015_001739,0015_000339,0015_000689
324,0015_001041,0015_001391,0015_001741,0015_000341,0015_000691
325,0015_001042,0015_001392,0015_001742,0015_000342,0015_000692
326,0015_001043,0015_001393,0015_001743,0015_000343,0015_000693
327,0015_001044,0015_001394,0015_001744,0015_000344,0015_000694
328,0015_001045,0015_001395,0015_001745,0015_000345,0015_000695
329,0015_001046,0015_001396,0015_001746,0015_000346,0015_000696
330,0015_001047,0015_001397,0015_001747,0015_000347,0015_000697
331,0015_001048,0015_001398,0015_001748,0015_000348,0015_000698
332,0015_001049,0015_001399,0015_001749,0015_000349,0015_000699
333,0015_001050,0015_001400,0015_001750,0015_000350,0015_000700
334,0016_000702,0016_001052,0016_001402,0016_000002,0016_000352
335,0016_000703,0016_001053,0016_001403,0016_000003,0016_000353
336,0016_000704,0016_001054,0016_001404,0016_000004,0016_000354
337,0016_000705,0016_001055,0016_001405,0016_000005,0016_000355
338,0016_000706,0016_001056,0016_001406,0016_000006,0016_000356
339,0016_000707,0016_001057,0016_001407,0016_000007,0016_000357
340,0016_000708,0016_001058,0016_001408,0016_000008,0016_000358
341,0016_000709,0016_001059,0016_001409,0016_000009,0016_000359
342,0016_000710,0016_001060,0016_001410,0016_000010,0016_000360
343,0016_000711,0016_001061,0016_001411,0016_000011,0016_000361
344,0016_000712,0016_001062,0016_001412,0016_000012,0016_000362
345,0016_000713,0016_001063,0016_001413,0016_000013,0016_000363
346,0016_000714,0016_001064,0016_001414,0016_000014,0016_000364
347,0016_000715,0016_001065,0016_001415,0016_000015,0016_000365
348,0016_000716,0016_001066,0016_001416,0016_000016,0016_000366
349,0016_000717,0016_001067,0016_001417,0016_000017,0016_000367
350,0016_000718,0016_001068,0016_001418,0016_000018,0016_000368
351,0016_000719,0016_001069,0016_001419,0016_000019,0016_000369
352,0016_000722,0016_001072,0016_001422,0016_000022,0016_000372
353,0016_000723,0016_001073,0016_001423,0016_000023,0016_000373
354,0016_000724,0016_001074,0016_001424,0016_000024,0016_000374
355,0016_000725,0016_001075,0016_001425,0016_000025,0016_000375
356,0016_000726,0016_001076,0016_001426,0016_000026,0016_000376
357,0016_000727,0016_001077,0016_001427,0016_000027,0016_000377
358,0016_000729,0016_001079,0016_001429,0016_000029,0016_000379
359,0016_000730,0016_001080,0016_001430,0016_000030,0016_000380
360,0016_000732,0016_001082,0016_001432,0016_000032,0016_000382
361,0016_000733,0016_001083,0016_001433,0016_000033,0016_000383
362,0016_000734,0016_001084,0016_001434,0016_000034,0016_000384
363,0016_000735,0016_001085,0016_001435,0016_000035,0016_000385
364,0016_000736,0016_001086,0016_001436,0016_000036,0016_000386
365,0016_000737,0016_001087,0016_001437,0016_000037,0016_000387
366,0016_000738,0016_001088,0016_001438,0016_000038,0016_000388
367,0016_000739,0016_001089,0016_001439,0016_000039,0016_000389
368,0016_000740,0016_001090,0016_001440,0016_000040,0016_000390
369,0016_000741,0016_001091,0016_001441,0016_000041,0016_000391
370,0016_000742,0016_001092,0016_001442,0016_000042,0016_000392
371,0016_000743,0016_001093,0016_001443,0016_000043,0016_000393
372,0016_000744,0016_001094,0016_001444,0016_000044,0016_000394
373,0016_000745,0016_001095,0016_001445,0016_000045,0016_000395
374,0016_000746,0016_001096,0016_001446,0016_000046,0016_000396
375,0016_000747,0016_001097,0016_001447,0016_000047,0016_000397
376,0016_000748,0016_001098,0016_001448,0016_000048,0016_000398
377,0016_000749,0016_001099,0016_001449,0016_000049,0016_000399
378,0016_000750,0016_001100,0016_001450,0016_000050,0016_000400
379,0016_000751,0016_001101,0016_001451,0016_000051,0016_000401
380,0016_000752,0016_001102,0016_001452,0016_000052,0016_000402
381,0016_000753,0016_001103,0016_001453,0016_000053,0016_000403
382,0016_000754,0016_001104,0016_001454,0016_000054,0016_000404
383,0016_000755,0016_001105,0016_001455,0016_000055,0016_000405
384,0016_000756,0016_001106,0016_001456,0016_000056,0016_000406
385,0016_000757,0016_001107,0016_001457,0016_000057,0016_000407
386,0016_000758,0016_001108,0016_001458,0016_000058,0016_000408
387,0016_000759,0016_001109,0016_001459,0016_000059,0016_000409
388,0016_000760,0016_001110,0016_001460,0016_000060,0016_000410
389,0016_000761,0016_001111,0016_001461,0016_000061,0016_000411
390,0016_000762,0016_001112,0016_001462,0016_000062,0016_000412
391,0016_000763,0016_001113,0016_001463,0016_000063,0016_000413
392,0016_000764,0016_001114,0016_001464,0016_000064,0016_000414
393,0016_000765,0016_001115,0016_001465,0016_000065,0016_000415
394,0016_000766,0016_001116,0016_001466,0016_000066,0016_000416
395,0016_000767,0016_001117,0016_001467,0016_000067,0016_000417
396,0016_000768,0016_001118,0016_001468,0016_000068,0016_000418
397,0016_000769,0016_001119,0016_001469,0016_000069,0016_000419
398,0016_000770,0016_001120,0016_001470,0016_000070,0016_000420
399,0016_000771,0016_001121,0016_001471,0016_000071,0016_000421
400,0016_000772,0016_001122,0016_001472,0016_000072,0016_000422
401,0016_000773,0016_001123,0016_001473,0016_000073,0016_000423
402,0016_000774,0016_001124,0016_001474,0016_000074,0016_000424
403,0016_000775,0016_001125,0016_001475,0016_000075,0016_000425
404,0016_000776,0016_001126,0016_001476,0016_000076,0016_000426
405,0016_000777,0016_001127,0016_001477,0016_000077,0016_000427
406,0016_000778,0016_001128,0016_001478,0016_000078,0016_000428
407,0016_000779,0016_001129,0016_001479,0016_000079,0016_000429
408,0016_000780,0016_001130,0016_001480,0016_000080,0016_000430
409,0016_000781,0016_001131,0016_001481,0016_000081,0016_000431
410,0016_000782,0016_001132,0016_001482,0016_000082,0016_000432
411,0016_000783,0016_001133,0016_001483,0016_000083,0016_000433
412,0016_000784,0016_001134,0016_001484,0016_000084,0016_000434
413,0016_000785,0016_001135,0016_001485,0016_000085,0016_000435
414,0016_000786,0016_001136,0016_001486,0016_000086,0016_000436
415,0016_000787,0016_001137,0016_001487,0016_000087,0016_000437
416,0016_000789,0016_001139,0016_001489,0016_000089,0016_000439
417,0016_000790,0016_001140,0016_001490,0016_000090,0016_000440
418,0016_000791,0016_001141,0016_001491,0016_000091,0016_000441
419,0016_000792,0016_001142,0016_001492,0016_000092,0016_000442
420,0016_000793,0016_001143,0016_001493,0016_000093,0016_000443
421,0016_000794,0016_001144,0016_001494,0016_000094,0016_000444
422,0016_000795,0016_001145,0016_001495,0016_000095,0016_000445
423,0016_000796,0016_001146,0016_001496,0016_000096,0016_000446
424,0016_000797,0016_001147,0016_001497,0016_000097,0016_000447
425,0016_000798,0016_001148,0016_001498,0016_000098,0016_000448
426,0016_000799,0016_001149,0016_001499,0016_000099,0016_000449
427,0016_000800,0016_001150,0016_001500,0016_000100,0016_000450
428,0016_000802,0016_001152,0016_001502,0016_000102,0016_000452
429,0016_000803,0016_001153,0016_001503,0016_000103,0016_000453
430,0016_000804,0016_001154,0016_001504,0016_000104,0016_000454
431,0016_000805,0016_001155,0016_001505,0016_000105,0016_000455
432,0016_000806,0016_001156,0016_001506,0016_000106,0016_000456
433,0016_000807,0016_001157,0016_001507,0016_000107,0016_000457
434,0016_000808,0016_001158,0016_001508,0016_000108,0016_000458
435,0016_000809,0016_001159,0016_001509,0016_000109,0016_000459
436,0016_000810,0016_001160,0016_001510,0016_000110,0016_000460
437,0016_000811,0016_001161,0016_001511,0016_000111,0016_000461
438,0016_000812,0016_001162,0016_001512,0016_000112,0016_000462
439,0016_000813,0016_001163,0016_001513,0016_000113,0016_000463
440,0016_000814,0016_001164,0016_001514,0016_000114,0016_000464
441,0016_000815,0016_001165,0016_001515,0016_000115,0016_000465
442,0016_000816,0016_001166,0016_001516,0016_000116,0016_000466
443,0016_000817,0016_001167,0016_001517,0016_000117,0016_000467
444,0016_000818,0016_001168,0016_001518,0016_000118,0016_000468
445,0016_000819,0016_001169,0016_001519,0016_000119,0016_000469
446,0016_000820,0016_001170,0016_001520,0016_000120,0016_000470
447,0016_000821,0016_001171,0016_001521,0016_000121,0016_000471
448,0016_000822,0016_001172,0016_001522,0016_000122,0016_000472
449,0016_000823,0016_001173,0016_001523,0016_000123,0016_000473
450,0016_000824,0016_001174,0016_001524,0016_000124,0016_000474
451,0016_000825,0016_001175,0016_001525,0016_000125,0016_000475
452,0016_000826,0016_001176,0016_001526,0016_000126,0016_000476
453,0016_000827,0016_001177,0016_001527,0016_000127,0016_000477
454,0016_000828,0016_001178,0016_001528,0016_000128,0016_000478
455,0016_000830,0016_001180,0016_001530,0016_000130,0016_000480
456,0016_000831,0016_001181,0016_001531,0016_000131,0016_000481
457,0016_000832,0016_001182,0016_001532,0016_000132,0016_000482
458,0016_000833,0016_001183,0016_001533,0016_000133,0016_000483
459,0016_000834,0016_001184,0016_001534,0016_000134,0016_000484
460,0016_000835,0016_001185,0016_001535,0016_000135,0016_000485
461,0016_000837,0016_001187,0016_001537,0016_000137,0016_000487
462,0016_000838,0016_001188,0016_001538,0016_000138,0016_000488
463,0016_000839,0016_001189,0016_001539,0016_000139,0016_000489
464,0016_000840,0016_001190,0016_001540,0016_000140,0016_000490
465,0016_000841,0016_001191,0016_001541,0016_000141,0016_000491
466,0016_000842,0016_001192,0016_001542,0016_000142,0016_000492
467,0016_000843,0016_001193,0016_001543,0016_000143,0016_000493
468,0016_000844,0016_001194,0016_001544,0016_000144,0016_000494
469,0016_000845,0016_001195,0016_001545,0016_000145,0016_000495
470,0016_000846,0016_001196,0016_001546,0016_000146,0016_000496
471,0016_000847,0016_001197,0016_001547,0016_000147,0016_000497
472,0016_000848,0016_001198,0016_001548,0016_000148,0016_000498
473,0016_000849,0016_001199,0016_001549,0016_000149,0016_000499
474,0016_000851,0016_001201,0016_001551,0016_000151,0016_000501
475,0016_000852,0016_001202,0016_001552,0016_000152,0016_000502
476,0016_000853,0016_001203,0016_001553,0016_000153,0016_000503
477,0016_000854,0016_001204,0016_001554,0016_000154,0016_000504
478,0016_000855,0016_001205,0016_001555,0016_000155,0016_000505
479,0016_000856,0016_001206,0016_001556,0016_000156,0016_000506
480,0016_000857,0016_001207,0016_001557,0016_000157,0016_000507
481,0016_000858,0016_001208,0016_001558,0016_000158,0016_000508
482,0016_000859,0016_001209,0016_001559,0016_000159,0016_000509
483,0016_000860,0016_001210,0016_001560,0016_000160,0016_000510
484,0016_000861,0016_001211,0016_001561,0016_000161,0016_000511
485,0016_000862,0016_001212,0016_001562,0016_000162,0016_000512
486,0016_000863,0016_001213,0016_001563,0016_000163,0016_000513
487,0016_000864,0016_001214,0016_001564,0016_000164,0016_000514
488,0016_000865,0016_001215,0016_001565,0016_000165,0016_000515
489,0016_000866,0016_001216,0016_001566,0016_000166,0016_000516
490,0016_000867,0016_001217,0016_001567,0016_000167,0016_000517
491,0016_000868,0016_001218,0016_001568,0016_000168,0016_000518
492,0016_000869,0016_001219,0016_001569,0016_000169,0016_000519
493,0016_000870,0016_001220,0016_001570,0016_000170,0016_000520
494,0016_000871,0016_001221,0016_001571,0016_000171,0016_000521
495,0016_000872,0016_001222,0016_001572,0016_000172,0016_000522
496,0016_000873,0016_001223,0016_001573,0016_000173,0016_000523
497,0016_000874,0016_001224,0016_001574,0016_000174,0016_000524
498,0016_000876,0016_001226,0016_001576,0016_000176,0016_000526
499,0016_000877,0016_001227,0016_001577,0016_000177,0016_000527
500,0016_000878,0016_001228,0016_001578,0016_000178,0016_000528
501,0016_000879,0016_001229,0016_001579,0016_000179,0016_000529
502,0016_000880,0016_001230,0016_001580,0016_000180,0016_000530
503,0016_000881,0016_001231,0016_001581,0016_000181,0016_000531
504,0016_000882,0016_001232,0016_001582,0016_000182,0016_000532
505,0016_000883,0016_001233,0016_001583,0016_000183,0016_000533
506,0016_000884,0016_001234,0016_001584,0016_000184,0016_000534
507,0016_000885,0016_001235,0016_001585,0016_000185,0016_000535
508,0016_000886,0016_001236,0016_001586,0016_000186,0016_000536
509,0016_000887,0016_001237,0016_001587,0016_000187,0016_000537
510,0016_000888,0016_001238,0016_001588,0016_000188,0016_000538
511,0016_000889,0016_001239,0016_001589,0016_000189,0016_000539
512,0016_000890,0016_001240,0016_001590,0016_000190,0016_000540
513,0016_000891,0016_001241,0016_001591,0016_000191,0016_000541
514,0016_000893,0016_001243,0016_001593,0016_000193,0016_000543
515,0016_000894,0016_001244,0016_001594,0016_000194,0016_000544
516,0016_000896,0016_001246,0016_001596,0016_000196,0016_000546
517,0016_000897,0016_001247,0016_001597,0016_000197,0016_000547
518,0016_000898,0016_001248,0016_001598,0016_000198,0016_000548
519,0016_000899,0016_001249,0016_001599,0016_000199,0016_000549
520,0016_000900,0016_001250,0016_001600,0016_000200,0016_000550
521,0016_000901,0016_001251,0016_001601,0016_000201,0016_000551
522,0016_000902,0016_001252,0016_001602,0016_000202,0016_000552
523,0016_000903,0016_001253,0016_001603,0016_000203,0016_000553
524,0016_000904,0016_001254,0016_001604,0016_000204,0016_000554
525,0016_000905,0016_001255,0016_001605,0016_000205,0016_000555
526,0016_000906,0016_001256,0016_001606,0016_000206,0016_000556
527,0016_000907,0016_001257,0016_001607,0016_000207,0016_000557
528,0016_000908,0016_001258,0016_001608,0016_000208,0016_000558
529,0016_000911,0016_001261,0016_001611,0016_000211,0016_000561
530,0016_000912,0016_001262,0016_001612,0016_000212,0016_000562
531,0016_000913,0016_001263,0016_001613,0016_000213,0016_000563
532,0016_000914,0016_001264,0016_001614,0016_000214,0016_000564
533,0016_000915,0016_001265,0016_001615,0016_000215,0016_000565
534,0016_000916,0016_001266,0016_001616,0016_000216,0016_000566
535,0016_000917,0016_001267,0016_001617,0016_000217,0016_000567
536,0016_000918,0016_001268,0016_001618,0016_000218,0016_000568
537,0016_000919,0016_001269,0016_001619,0016_000219,0016_000569
538,0016_000920,0016_001270,0016_001620,0016_000220,0016_000570
539,0016_000921,0016_001271,0016_001621,0016_000221,0016_000571
540,0016_000922,0016_001272,0016_001622,0016_000222,0016_000572
541,0016_000924,0016_001274,0016_001624,0016_000224,0016_000574
542,0016_000925,0016_001275,0016_001625,0016_000225,0016_000575
543,0016_000926,0016_001276,0016_001626,0016_000226,0016_000576
544,0016_000927,0016_001277,0016_001627,0016_000227,0016_000577
545,0016_000928,0016_001278,0016_001628,0016_000228,0016_000578
546,0016_000929,0016_001279,0016_001629,0016_000229,0016_000579
547,0016_000930,0016_001280,0016_001630,0016_000230,0016_000580
548,0016_000931,0016_001281,0016_001631,0016_000231,0016_000581
549,0016_000932,0016_001282,0016_001632,0016_000232,0016_000582
550,0016_000933,0016_001283,0016_001633,0016_000233,0016_000583
551,0016_000934,0016_001284,0016_001634,0016_000234,0016_000584
552,0016_000935,0016_001285,0016_001635,0016_000235,0016_000585
553,0016_000936,0016_001286,0016_001636,0016_000236,0016_000586
554,0016_000937,0016_001287,0016_001637,0016_000237,0016_000587
555,0016_000938,0016_001288,0016_001638,0016_000238,0016_000588
556,0016_000939,0016_001289,0016_001639,0016_000239,0016_000589
557,0016_000940,0016_001290,0016_001640,0016_000240,0016_000590
558,0016_000941,0016_001291,0016_001641,0016_000241,0016_000591
559,0016_000942,0016_001292,0016_001642,0016_000242,0016_000592
560,0016_000943,0016_001293,0016_001643,0016_000243,0016_000593
561,0016_000944,0016_001294,0016_001644,0016_000244,0016_000594
562,0016_000945,0016_001295,0016_001645,0016_000245,0016_000595
563,0016_000946,0016_001296,0016_001646,0016_000246,0016_000596
564,0016_000947,0016_001297,0016_001647,0016_000247,0016_000597
565,0016_000948,0016_001298,0016_001648,0016_000248,0016_000598
566,0016_000949,0016_001299,0016_001649,0016_000249,0016_000599
567,0016_000950,0016_001300,0016_001650,0016_000250,0016_000600
568,0016_000951,0016_001301,0016_001651,0016_000251,0016_000601
569,0016_000952,0016_001302,0016_001652,0016_000252,0016_000602
570,0016_000953,0016_001303,0016_001653,0016_000253,0016_000603
571,0016_000954,0016_001304,0016_001654,0016_000254,0016_000604
572,0016_000955,0016_001305,0016_001655,0016_000255,0016_000605
573,0016_000956,0016_001306,0016_001656,0016_000256,0016_000606
574,0016_000957,0016_001307,0016_001657,0016_000257,0016_000607
575,0016_000958,0016_001308,0016_001658,0016_000258,0016_000608
576,0016_000959,0016_001309,0016_001659,0016_000259,0016_000609
577,0016_000960,0016_001310,0016_001660,0016_000260,0016_000610
578,0016_000961,0016_001311,0016_001661,0016_000261,0016_000611
579,0016_000962,0016_001312,0016_001662,0016_000262,0016_000612
580,0016_000963,0016_001313,0016_001663,0016_000263,0016_000613
581,0016_000964,0016_001314,0016_001664,0016_000264,0016_000614
582,0016_000965,0016_001315,0016_001665,0016_000265,0016_000615
583,0016_000966,0016_001316,0016_001666,0016_000266,0016_000616
584,0016_000967,0016_001317,0016_001667,0016_000267,0016_000617
585,0016_000968,0016_001318,0016_001668,0016_000268,0016_000618
586,0016_000969,0016_001319,0016_001669,0016_000269,0016_000619
587,0016_000970,0016_001320,0016_001670,0016_000270,0016_000620
588,0016_000971,0016_001321,0016_001671,0016_000271,0016_000621
589,0016_000973,0016_001323,0016_001673,0016_000273,0016_000623
590,0016_000974,0016_001324,0016_001674,0016_000274,0016_000624
591,0016_000975,0016_001325,0016_001675,0016_000275,0016_000625
592,0016_000976,0016_001326,0016_001676,0016_000276,0016_000626
593,0016_000977,0016_001327,0016_001677,0016_000277,0016_000627
594,0016_000978,0016_001328,0016_001678,0016_000278,0016_000628
595,0016_000979,0016_001329,0016_001679,0016_000279,0016_000629
596,0016_000980,0016_001330,0016_001680,0016_000280,0016_000630
597,0016_000981,0016_001331,0016_001681,0016_000281,0016_000631
598,0016_000982,0016_001332,0016_001682,0016_000282,0016_000632
599,0016_000983,0016_001333,0016_001683,0016_000283,0016_000633
600,0016_000984,0016_001334,0016_001684,0016_000284,0016_000634
601,0016_000985,0016_001335,0016_001685,0016_000285,0016_000635
602,0016_000986,0016_001336,0016_001686,0016_000286,0016_000636
603,0016_000987,0016_001337,0016_001687,0016_000287,0016_000637
604,0016_000988,0016_001338,0016_001688,0016_000288,0016_000638
605,0016_000989,0016_001339,0016_001689,0016_000289,0016_000639
606,0016_000990,0016_001340,0016_001690,0016_000290,0016_000640
607,0016_000991,0016_001341,0016_001691,0016_000291,0016_000641
608,0016_000992,0016_001342,0016_001692,0016_000292,0016_000642
609,0016_000993,0016_001343,0016_001693,0016_000293,0016_000643
610,0016_000994,0016_001344,0016_001694,0016_000294,0016_000644
611,0016_000995,0016_001345,0016_001695,0016_000295,0016_000645
612,0016_000996,0016_001346,0016_001696,0016_000296,0016_000646
613,0016_000997,0016_001347,0016_001697,0016_000297,0016_000647
614,0016_000998,0016_001348,0016_001698,0016_000298,0016_000648
615,0016_000999,0016_001349,0016_001699,0016_000299,0016_000649
616,0016_001000,0016_001350,0016_001700,0016_000300,0016_000650
617,0016_001001,0016_001351,0016_001701,0016_000301,0016_000651
618,0016_001002,0016_001352,0016_001702,0016_000302,0016_000652
619,0016_001003,0016_001353,0016_001703,0016_000303,0016_000653
620,0016_001004,0016_001354,0016_001704,0016_000304,0016_000654
621,0016_001005,0016_001355,0016_001705,0016_000305,0016_000655
622,0016_001006,0016_001356,0016_001706,0016_000306,0016_000656
623,0016_001007,0016_001357,0016_001707,0016_000307,0016_000657
624,0016_001008,0016_001358,0016_001708,0016_000308,0016_000658
625,0016_001009,0016_001359,0016_001709,0016_000309,0016_000659
626,0016_001010,0016_001360,0016_001710,0016_000310,0016_000660
627,0016_001011,0016_001361,0016_001711,0016_000311,0016_000661
628,0016_001012,0016_001362,0016_001712,0016_000312,0016_000662
629,0016_001013,0016_001363,0016_001713,0016_000313,0016_000663
630,0016_001014,0016_001364,0016_001714,0016_000314,0016_000664
631,0016_001015,0016_001365,0016_001715,0016_000315,0016_000665
632,0016_001016,0016_001366,0016_001716,0016_000316,0016_000666
633,0016_001017,0016_001367,0016_001717,0016_000317,0016_000667
634,0016_001018,0016_001368,0016_001718,0016_000318,0016_000668
635,0016_001019,0016_001369,0016_001719,0016_000319,0016_000669
636,0016_001020,0016_001370,0016_001720,0016_000320,0016_000670
637,0016_001021,0016_001371,0016_001721,0016_000321,0016_000671
638,0016_001022,0016_001372,0016_001722,0016_000322,0016_000672
639,0016_001023,0016_001373,0016_001723,0016_000323,0016_000673
640,0016_001024,0016_001374,0016_001724,0016_000324,0016_000674
641,0016_001025,0016_001375,0016_001725,0016_000325,0016_000675
642,0016_001026,0016_001376,0016_001726,0016_000326,0016_000676
643,0016_001027,0016_001377,0016_001727,0016_000327,0016_000677
644,0016_001028,0016_001378,0016_001728,0016_000328,0016_000678
645,0016_001029,0016_001379,0016_001729,0016_000329,0016_000679
646,0016_001030,0016_001380,0016_001730,0016_000330,0016_000680
647,0016_001031,0016_001381,0016_001731,0016_000331,0016_000681
648,0016_001032,0016_001382,0016_001732,0016_000332,0016_000682
649,0016_001033,0016_001383,0016_001733,0016_000333,0016_000683
650,0016_001034,0016_001384,0016_001734,0016_000334,0016_000684
651,0016_001035,0016_001385,0016_001735,0016_000335,0016_000685
652,0016_001036,0016_001386,0016_001736,0016_000336,0016_000686
653,0016_001037,0016_001387,0016_001737,0016_000337,0016_000687
654,0016_001038,0016_001388,0016_001738,0016_000338,0016_000688
655,0016_001039,0016_001389,0016_001739,0016_000339,0016_000689
656,0016_001041,0016_001391,0016_001741,0016_000341,0016_000691
657,0016_001042,0016_001392,0016_001742,0016_000342,0016_000692
658,0016_001043,0016_001393,0016_001743,0016_000343,0016_000693
659,0016_001044,0016_001394,0016_001744,0016_000344,0016_000694
660,0016_001045,0016_001395,0016_001745,0016_000345,0016_000695
661,0016_001046,0016_001396,0016_001746,0016_000346,0016_000696
662,0016_001047,0016_001397,0016_001747,0016_000347,0016_000697
663,0016_001048,0016_001398,0016_001748,0016_000348,0016_000698
664,0016_001049,0016_001399,0016_001749,0016_000349,0016_000699
665,0016_001050,0016_001400,0016_001750,0016_000350,0016_000700
666,0017_000701,0017_001051,0017_001401,0017_000001,0017_000351
667,0017_000702,0017_001052,0017_001402,0017_000002,0017_000352
668,0017_000703,0017_001053,0017_001403,0017_000003,0017_000353
669,0017_000704,0017_001054,0017_001404,0017_000004,0017_000354
670,0017_000705,0017_001055,0017_001405,0017_000005,0017_000355
671,0017_000706,0017_001056,0017_001406,0017_000006,0017_000356
672,0017_000707,0017_001057,0017_001407,0017_000007,0017_000357
673,0017_000708,0017_001058,0017_001408,0017_000008,0017_000358
674,0017_000709,0017_001059,0017_001409,0017_000009,0017_000359
675,0017_000710,0017_001060,0017_001410,0017_000010,0017_000360
676,0017_000711,0017_001061,0017_001411,0017_000011,0017_000361
677,0017_000712,0017_001062,0017_001412,0017_000012,0017_000362
678,0017_000713,0017_001063,0017_001413,0017_000013,0017_000363
679,0017_000714,0017_001064,0017_001414,0017_000014,0017_000364
680,0017_000715,0017_001065,0017_001415,0017_000015,0017_000365
681,0017_000716,0017_001066,0017_001416,0017_000016,0017_000366
682,0017_000717,0017_001067,0017_001417,0017_000017,0017_000367
683,0017_000718,0017_001068,0017_001418,0017_000018,0017_000368
684,0017_000719,0017_001069,0017_001419,0017_000019,0017_000369
685,0017_000722,0017_001072,0017_001422,0017_000022,0017_000372
686,0017_000723,0017_001073,0017_001423,0017_000023,0017_000373
687,0017_000724,0017_001074,0017_001424,0017_000024,0017_000374
688,0017_000725,0017_001075,0017_001425,0017_000025,0017_000375
689,0017_000726,0017_001076,0017_001426,0017_000026,0017_000376
690,0017_000727,0017_001077,0017_001427,0017_000027,0017_000377
691,0017_000728,0017_001078,0017_001428,0017_000028,0017_000378
692,0017_000729,0017_001079,0017_001429,0017_000029,0017_000379
693,0017_000730,0017_001080,0017_001430,0017_000030,0017_000380
694,0017_000732,0017_001082,0017_001432,0017_000032,0017_000382
695,0017_000733,0017_001083,0017_001433,0017_000033,0017_000383
696,0017_000734,0017_001084,0017_001434,0017_000034,0017_000384
697,0017_000735,0017_001085,0017_001435,0017_000035,0017_000385
698,0017_000736,0017_001086,0017_001436,0017_000036,0017_000386
699,0017_000737,0017_001087,0017_001437,0017_000037,0017_000387
700,0017_000738,0017_001088,0017_001438,0017_000038,0017_000388
701,0017_000739,0017_001089,0017_001439,0017_000039,0017_000389
702,0017_000740,0017_001090,0017_001440,0017_000040,0017_000390
703,0017_000741,0017_001091,0017_001441,0017_000041,0017_000391
704,0017_000742,0017_001092,0017_001442,0017_000042,0017_000392
705,0017_000743,0017_001093,0017_001443,0017_000043,0017_000393
706,0017_000744,0017_001094,0017_001444,0017_000044,0017_000394
707,0017_000745,0017_001095,0017_001445,0017_000045,0017_000395
708,0017_000746,0017_001096,0017_001446,0017_000046,0017_000396
709,0017_000747,0017_001097,0017_001447,0017_000047,0017_000397
710,0017_000748,0017_001098,0017_001448,0017_000048,0017_000398
711,0017_000749,0017_001099,0017_001449,0017_000049,0017_000399
712,0017_000750,0017_001100,0017_001450,0017_000050,0017_000400
713,0017_000751,0017_001101,0017_001451,0017_000051,0017_000401
714,0017_000752,0017_001102,0017_001452,0017_000052,0017_000402
715,0017_000753,0017_001103,0017_001453,0017_000053,0017_000403
716,0017_000754,0017_001104,0017_001454,0017_000054,0017_000404
717,0017_000755,0017_001105,0017_001455,0017_000055,0017_000405
718,0017_000756,0017_001106,0017_001456,0017_000056,0017_000406
719,0017_000757,0017_001107,0017_001457,0017_000057,0017_000407
720,0017_000758,0017_001108,0017_001458,0017_000058,0017_000408
721,0017_000759,0017_001109,0017_001459,0017_000059,0017_000409
722,0017_000760,0017_001110,0017_001460,0017_000060,0017_000410
723,0017_000761,0017_001111,0017_001461,0017_000061,0017_000411
724,0017_000762,0017_001112,0017_001462,0017_000062,0017_000412
725,0017_000763,0017_001113,0017_001463,0017_000063,0017_000413
726,0017_000764,0017_001114,0017_001464,0017_000064,0017_000414
727,0017_000765,0017_001115,0017_001465,0017_000065,0017_000415
728,0017_000766,0017_001116,0017_001466,0017_000066,0017_000416
729,0017_000767,0017_001117,0017_001467,0017_000067,0017_000417
730,0017_000768,0017_001118,0017_001468,0017_000068,0017_000418
731,0017_000769,0017_001119,0017_001469,0017_000069,0017_000419
732,0017_000770,0017_001120,0017_001470,0017_000070,0017_000420
733,0017_000771,0017_001121,0017_001471,0017_000071,0017_000421
734,0017_000772,0017_001122,0017_001472,0017_000072,0017_000422
735,0017_000773,0017_001123,0017_001473,0017_000073,0017_000423
736,0017_000774,0017_001124,0017_001474,0017_000074,0017_000424
737,0017_000775,0017_001125,0017_001475,0017_000075,0017_000425
738,0017_000776,0017_001126,0017_001476,0017_000076,0017_000426
739,0017_000777,0017_001127,0017_001477,0017_000077,0017_000427
740,0017_000778,0017_001128,0017_001478,0017_000078,0017_000428
741,0017_000779,0017_001129,0017_001479,0017_000079,0017_000429
742,0017_000780,0017_001130,0017_001480,0017_000080,0017_000430
743,0017_000781,0017_001131,0017_001481,0017_000081,0017_000431
744,0017_000782,0017_001132,0017_001482,0017_000082,0017_000432
745,0017_000783,0017_001133,0017_001483,0017_000083,0017_000433
746,0017_000784,0017_001134,0017_001484,0017_000084,0017_000434
747,0017_000785,0017_001135,0017_001485,0017_000085,0017_000435
748,0017_000786,0017_001136,0017_001486,0017_000086,0017_000436
749,0017_000787,0017_001137,0017_001487,0017_000087,0017_000437
750,0017_000788,0017_001138,0017_001488,0017_000088,0017_000438
751,0017_000789,0017_001139,0017_001489,0017_000089,0017_000439
752,0017_000790,0017_001140,0017_001490,0017_000090,0017_000440
753,0017_000791,0017_001141,0017_001491,0017_000091,0017_000441
754,0017_000792,0017_001142,0017_001492,0017_000092,0017_000442
755,0017_000793,0017_001143,0017_001493,0017_000093,0017_000443
756,0017_000794,0017_001144,0017_001494,0017_000094,0017_000444
757,0017_000795,0017_001145,0017_001495,0017_000095,0017_000445
758,0017_000796,0017_001146,0017_001496,0017_000096,0017_000446
759,0017_000797,0017_001147,0017_001497,0017_000097,0017_000447
760,0017_000798,0017_001148,0017_001498,0017_000098,0017_000448
761,0017_000799,0017_001149,0017_001499,0017_000099,0017_000449
762,0017_000800,0017_001150,0017_001500,0017_000100,0017_000450
763,0017_000802,0017_001152,0017_001502,0017_000102,0017_000452
764,0017_000803,0017_001153,0017_001503,0017_000103,0017_000453
765,0017_000804,0017_001154,0017_001504,0017_000104,0017_000454
766,0017_000805,0017_001155,0017_001505,0017_000105,0017_000455
767,0017_000806,0017_001156,0017_001506,0017_000106,0017_000456
768,0017_000807,0017_001157,0017_001507,0017_000107,0017_000457
769,0017_000808,0017_001158,0017_001508,0017_000108,0017_000458
770,0017_000809,0017_001159,0017_001509,0017_000109,0017_000459
771,0017_000810,0017_001160,0017_001510,0017_000110,0017_000460
772,0017_000811,0017_001161,0017_001511,0017_000111,0017_000461
773,0017_000812,0017_001162,0017_001512,0017_000112,0017_000462
774,0017_000813,0017_001163,0017_001513,0017_000113,0017_000463
775,0017_000814,0017_001164,0017_001514,0017_000114,0017_000464
776,0017_000815,0017_001165,0017_001515,0017_000115,0017_000465
777,0017_000816,0017_001166,0017_001516,0017_000116,0017_000466
778,0017_000817,0017_001167,0017_001517,0017_000117,0017_000467
779,0017_000818,0017_001168,0017_001518,0017_000118,0017_000468
780,0017_000819,0017_001169,0017_001519,0017_000119,0017_000469
781,0017_000820,0017_001170,0017_001520,0017_000120,0017_000470
782,0017_000821,0017_001171,0017_001521,0017_000121,0017_000471
783,0017_000822,0017_001172,0017_001522,0017_000122,0017_000472
784,0017_000823,0017_001173,0017_001523,0017_000123,0017_000473
785,0017_000824,0017_001174,0017_001524,0017_000124,0017_000474
786,0017_000825,0017_001175,0017_001525,0017_000125,0017_000475
787,0017_000826,0017_001176,0017_001526,0017_000126,0017_000476
788,0017_000827,0017_001177,0017_001527,0017_000127,0017_000477
789,0017_000828,0017_001178,0017_001528,0017_000128,0017_000478
790,0017_000829,0017_001179,0017_001529,0017_000129,0017_000479
791,0017_000830,0017_001180,0017_001530,0017_000130,0017_000480
792,0017_000831,0017_001181,0017_001531,0017_000131,0017_000481
793,0017_000832,0017_001182,0017_001532,0017_000132,0017_000482
794,0017_000833,0017_001183,0017_001533,0017_000133,0017_000483
795,0017_000834,0017_001184,0017_001534,0017_000134,0017_000484
796,0017_000835,0017_001185,0017_001535,0017_000135,0017_000485
797,0017_000836,0017_001186,0017_001536,0017_000136,0017_000486
798,0017_000837,0017_001187,0017_001537,0017_000137,0017_000487
799,0017_000838,0017_001188,0017_001538,0017_000138,0017_000488
800,0017_000840,0017_001190,0017_001540,0017_000140,0017_000490
801,0017_000841,0017_001191,0017_001541,0017_000141,0017_000491
802,0017_000842,0017_001192,0017_001542,0017_000142,0017_000492
803,0017_000843,0017_001193,0017_001543,0017_000143,0017_000493
804,0017_000844,0017_001194,0017_001544,0017_000144,0017_000494
805,0017_000845,0017_001195,0017_001545,0017_000145,0017_000495
806,0017_000846,0017_001196,0017_001546,0017_000146,0017_000496
807,0017_000847,0017_001197,0017_001547,0017_000147,0017_000497
808,0017_000848,0017_001198,0017_001548,0017_000148,0017_000498
809,0017_000849,0017_001199,0017_001549,0017_000149,0017_000499
810,0017_000850,0017_001200,0017_001550,0017_000150,0017_000500
811,0017_000851,0017_001201,0017_001551,0017_000151,0017_000501
812,0017_000852,0017_001202,0017_001552,0017_000152,0017_000502
813,0017_000853,0017_001203,0017_001553,0017_000153,0017_000503
814,0017_000854,0017_001204,0017_001554,0017_000154,0017_000504
815,0017_000855,0017_001205,0017_001555,0017_000155,0017_000505
816,0017_000856,0017_001206,0017_001556,0017_000156,0017_000506
817,0017_000857,0017_001207,0017_001557,0017_000157,0017_000507
818,0017_000858,0017_001208,0017_001558,0017_000158,0017_000508
819,0017_000859,0017_001209,0017_001559,0017_000159,0017_000509
820,0017_000860,0017_001210,0017_001560,0017_000160,0017_000510
821,0017_000861,0017_001211,0017_001561,0017_000161,0017_000511
822,0017_000862,0017_001212,0017_001562,0017_000162,0017_000512
823,0017_000863,0017_001213,0017_001563,0017_000163,0017_000513
824,0017_000864,0017_001214,0017_001564,0017_000164,0017_000514
825,0017_000865,0017_001215,0017_001565,0017_000165,0017_000515
826,0017_000866,0017_001216,0017_001566,0017_000166,0017_000516
827,0017_000867,0017_001217,0017_001567,0017_000167,0017_000517
828,0017_000868,0017_001218,0017_001568,0017_000168,0017_000518
829,0017_000869,0017_001219,0017_001569,0017_000169,0017_000519
830,0017_000870,0017_001220,0017_001570,0017_000170,0017_000520
831,0017_000871,0017_001221,0017_001571,0017_000171,0017_000521
832,0017_000872,0017_001222,0017_001572,0017_000172,0017_000522
833,0017_000873,0017_001223,0017_001573,0017_000173,0017_000523
834,0017_000874,0017_001224,0017_001574,0017_000174,0017_000524
835,0017_000875,0017_001225,0017_001575,0017_000175,0017_000525
836,0017_000876,0017_001226,0017_001576,0017_000176,0017_000526
837,0017_000877,0017_001227,0017_001577,0017_000177,0017_000527
838,0017_000878,0017_001228,0017_001578,0017_000178,0017_000528
839,0017_000879,0017_001229,0017_001579,0017_000179,0017_000529
840,0017_000880,0017_001230,0017_001580,0017_000180,0017_000530
841,0017_000881,0017_001231,0017_001581,0017_000181,0017_000531
842,0017_000882,0017_001232,0017_001582,0017_000182,0017_000532
843,0017_000883,0017_001233,0017_001583,0017_000183,0017_000533
844,0017_000884,0017_001234,0017_001584,0017_000184,0017_000534
845,0017_000885,0017_001235,0017_001585,0017_000185,0017_000535
846,0017_000886,0017_001236,0017_001586,0017_000186,0017_000536
847,0017_000887,0017_001237,0017_001587,0017_000187,0017_000537
848,0017_000888,0017_001238,0017_001588,0017_000188,0017_000538
849,0017_000889,0017_001239,0017_001589,0017_000189,0017_000539
850,0017_000890,0017_001240,0017_001590,0017_000190,0017_000540
851,0017_000891,0017_001241,0017_001591,0017_000191,0017_000541
852,0017_000892,0017_001242,0017_001592,0017_000192,0017_000542
853,0017_000893,0017_001243,0017_001593,0017_000193,0017_000543
854,0017_000894,0017_001244,0017_001594,0017_000194,0017_000544
855,0017_000895,0017_001245,0017_001595,0017_000195,0017_000545
856,0017_000896,0017_001246,0017_001596,0017_000196,0017_000546
857,0017_000897,0017_001247,0017_001597,0017_000197,0017_000547
858,0017_000898,0017_001248,0017_001598,0017_000198,0017_000548
859,0017_000899,0017_001249,0017_001599,0017_000199,0017_000549
860,0017_000900,0017_001250,0017_001600,0017_000200,0017_000550
861,0017_000901,0017_001251,0017_001601,0017_000201,0017_000551
862,0017_000902,0017_001252,0017_001602,0017_000202,0017_000552
863,0017_000903,0017_001253,0017_001603,0017_000203,0017_000553
864,0017_000904,0017_001254,0017_001604,0017_000204,0017_000554
865,0017_000905,0017_001255,0017_001605,0017_000205,0017_000555
866,0017_000906,0017_001256,0017_001606,0017_000206,0017_000556
867,0017_000907,0017_001257,0017_001607,0017_000207,0017_000557
868,0017_000908,0017_001258,0017_001608,0017_000208,0017_000558
869,0017_000910,0017_001260,0017_001610,0017_000210,0017_000560
870,0017_000911,0017_001261,0017_001611,0017_000211,0017_000561
871,0017_000912,0017_001262,0017_001612,0017_000212,0017_000562
872,0017_000913,0017_001263,0017_001613,0017_000213,0017_000563
873,0017_000914,0017_001264,0017_001614,0017_000214,0017_000564
874,0017_000915,0017_001265,0017_001615,0017_000215,0017_000565
875,0017_000916,0017_001266,0017_001616,0017_000216,0017_000566
876,0017_000917,0017_001267,0017_001617,0017_000217,0017_000567
877,0017_000918,0017_001268,0017_001618,0017_000218,0017_000568
878,0017_000919,0017_001269,0017_001619,0017_000219,0017_000569
879,0017_000920,0017_001270,0017_001620,0017_000220,0017_000570
880,0017_000921,0017_001271,0017_001621,0017_000221,0017_000571
881,0017_000922,0017_001272,0017_001622,0017_000222,0017_000572
882,0017_000923,0017_001273,0017_001623,0017_000223,0017_000573
883,0017_000924,0017_001274,0017_001624,0017_000224,0017_000574
884,0017_000925,0017_001275,0017_001625,0017_000225,0017_000575
885,0017_000926,0017_001276,0017_001626,0017_000226,0017_000576
886,0017_000927,0017_001277,0017_001627,0017_000227,0017_000577
887,0017_000928,0017_001278,0017_001628,0017_000228,0017_000578
888,0017_000929,0017_001279,0017_001629,0017_000229,0017_000579
889,0017_000930,0017_001280,0017_001630,0017_000230,0017_000580
890,0017_000931,0017_001281,0017_001631,0017_000231,0017_000581
891,0017_000932,0017_001282,0017_001632,0017_000232,0017_000582
892,0017_000933,0017_001283,0017_001633,0017_000233,0017_000583
893,0017_000934,0017_001284,0017_001634,0017_000234,0017_000584
894,0017_000935,0017_001285,0017_001635,0017_000235,0017_000585
895,0017_000936,0017_001286,0017_001636,0017_000236,0017_000586
896,0017_000937,0017_001287,0017_001637,0017_000237,0017_000587
897,0017_000938,0017_001288,0017_001638,0017_000238,0017_000588
898,0017_000939,0017_001289,0017_001639,0017_000239,0017_000589
899,0017_000940,0017_001290,0017_001640,0017_000240,0017_000590
900,0017_000941,0017_001291,0017_001641,0017_000241,0017_000591
901,0017_000942,0017_001292,0017_001642,0017_000242,0017_000592
902,0017_000943,0017_001293,0017_001643,0017_000243,0017_000593
903,0017_000944,0017_001294,0017_001644,0017_000244,0017_000594
904,0017_000945,0017_001295,0017_001645,0017_000245,0017_000595
905,0017_000946,0017_001296,0017_001646,0017_000246,0017_000596
906,0017_000947,0017_001297,0017_001647,0017_000247,0017_000597
907,0017_000948,0017_001298,0017_001648,0017_000248,0017_000598
908,0017_000949,0017_001299,0017_001649,0017_000249,0017_000599
909,0017_000950,0017_001300,0017_001650,0017_000250,0017_000600
910,0017_000951,0017_001301,0017_001651,0017_000251,0017_000601
911,0017_000952,0017_001302,0017_001652,0017_000252,0017_000602
912,0017_000953,0017_001303,0017_001653,0017_000253,0017_000603
913,0017_000954,0017_001304,0017_001654,0017_000254,0017_000604
914,0017_000955,0017_001305,0017_001655,0017_000255,0017_000605
915,0017_000956,0017_001306,0017_001656,0017_000256,0017_000606
916,0017_000957,0017_001307,0017_001657,0017_000257,0017_000607
917,0017_000958,0017_001308,0017_001658,0017_000258,0017_000608
918,0017_000959,0017_001309,0017_001659,0017_000259,0017_000609
919,0017_000960,0017_001310,0017_001660,0017_000260,0017_000610
920,0017_000961,0017_001311,0017_001661,0017_000261,0017_000611
921,0017_000962,0017_001312,0017_001662,0017_000262,0017_000612
922,0017_000963,0017_001313,0017_001663,0017_000263,0017_000613
923,0017_000964,0017_001314,0017_001664,0017_000264,0017_000614
924,0017_000965,0017_001315,0017_001665,0017_000265,0017_000615
925,0017_000966,0017_001316,0017_001666,0017_000266,0017_000616
926,0017_000967,0017_001317,0017_001667,0017_000267,0017_000617
927,0017_000968,0017_001318,0017_001668,0017_000268,0017_000618
928,0017_000969,0017_001319,0017_001669,0017_000269,0017_000619
929,0017_000970,0017_001320,0017_001670,0017_000270,0017_000620
930,0017_000971,0017_001321,0017_001671,0017_000271,0017_000621
931,0017_000972,0017_001322,0017_001672,0017_000272,0017_000622
932,0017_000973,0017_001323,0017_001673,0017_000273,0017_000623
933,0017_000974,0017_001324,0017_001674,0017_000274,0017_000624
934,0017_000975,0017_001325,0017_001675,0017_000275,0017_000625
935,0017_000976,0017_001326,0017_001676,0017_000276,0017_000626
936,0017_000977,0017_001327,0017_001677,0017_000277,0017_000627
937,0017_000978,0017_001328,0017_001678,0017_000278,0017_000628
938,0017_000979,0017_001329,0017_001679,0017_000279,0017_000629
939,0017_000980,0017_001330,0017_001680,0017_000280,0017_000630
940,0017_000981,0017_001331,0017_001681,0017_000281,0017_000631
941,0017_000982,0017_001332,0017_001682,0017_000282,0017_000632
942,0017_000983,0017_001333,0017_001683,0017_000283,0017_000633
943,0017_000984,0017_001334,0017_001684,0017_000284,0017_000634
944,0017_000985,0017_001335,0017_001685,0017_000285,0017_000635
945,0017_000986,0017_001336,0017_001686,0017_000286,0017_000636
946,0017_000987,0017_001337,0017_001687,0017_000287,0017_000637
947,0017_000988,0017_001338,0017_001688,0017_000288,0017_000638
948,0017_000989,0017_001339,0017_001689,0017_000289,0017_000639
949,0017_000990,0017_001340,0017_001690,0017_000290,0017_000640
950,0017_000991,0017_001341,0017_001691,0017_000291,0017_000641
951,0017_000992,0017_001342,0017_001692,0017_000292,0017_000642
952,0017_000993,0017_001343,0017_001693,0017_000293,0017_000643
953,0017_000994,0017_001344,0017_001694,0017_000294,0017_000644
954,0017_000995,0017_001345,0017_001695,0017_000295,0017_000645
955,0017_000996,0017_001346,0017_001696,0017_000296,0017_000646
956,0017_000997,0017_001347,0017_001697,0017_000297,0017_000647
957,0017_000998,0017_001348,0017_001698,0017_000298,0017_000648
958,0017_000999,0017_001349,0017_001699,0017_000299,0017_000649
959,0017_001000,0017_001350,0017_001700,0017_000300,0017_000650
960,0017_001001,0017_001351,0017_001701,0017_000301,0017_000651
961,0017_001002,0017_001352,0017_001702,0017_000302,0017_000652
962,0017_001003,0017_001353,0017_001703,0017_000303,0017_000653
963,0017_001004,0017_001354,0017_001704,0017_000304,0017_000654
964,0017_001005,0017_001355,0017_001705,0017_000305,0017_000655
965,0017_001006,0017_001356,0017_001706,0017_000306,0017_000656
966,0017_001007,0017_001357,0017_001707,0017_000307,0017_000657
967,0017_001008,0017_001358,0017_001708,0017_000308,0017_000658
968,0017_001009,0017_001359,0017_001709,0017_000309,0017_000659
969,0017_001010,0017_001360,0017_001710,0017_000310,0017_000660
970,0017_001011,0017_001361,0017_001711,0017_000311,0017_000661
971,0017_001012,0017_001362,0017_001712,0017_000312,0017_000662
972,0017_001013,0017_001363,0017_001713,0017_000313,0017_000663
973,0017_001014,0017_001364,0017_001714,0017_000314,0017_000664
974,0017_001015,0017_001365,0017_001715,0017_000315,0017_000665
975,0017_001016,0017_001366,0017_001716,0017_000316,0017_000666
976,0017_001017,0017_001367,0017_001717,0017_000317,0017_000667
977,0017_001018,0017_001368,0017_001718,0017_000318,0017_000668
978,0017_001019,0017_001369,0017_001719,0017_000319,0017_000669
979,0017_001020,0017_001370,0017_001720,0017_000320,0017_000670
980,0017_001021,0017_001371,0017_001721,0017_000321,0017_000671
981,0017_001022,0017_001372,0017_001722,0017_000322,0017_000672
982,0017_001023,0017_001373,0017_001723,0017_000323,0017_000673
983,0017_001024,0017_001374,0017_001724,0017_000324,0017_000674
984,0017_001025,0017_001375,0017_001725,0017_000325,0017_000675
985,0017_001026,0017_001376,0017_001726,0017_000326,0017_000676
986,0017_001027,0017_001377,0017_001727,0017_000327,0017_000677
987,0017_001028,0017_001378,0017_001728,0017_000328,0017_000678
988,0017_001029,0017_001379,0017_001729,0017_000329,0017_000679
989,0017_001030,0017_001380,0017_001730,0017_000330,0017_000680
990,0017_001031,0017_001381,0017_001731,0017_000331,0017_000681
991,0017_001032,0017_001382,0017_001732,0017_000332,0017_000682
992,0017_001033,0017_001383,0017_001733,0017_000333,0017_000683
993,0017_001034,0017_001384,0017_001734,0017_000334,0017_000684
994,0017_001035,0017_001385,0017_001735,0017_000335,0017_000685
995,0017_001036,0017_001386,0017_001736,0017_000336,0017_000686
996,0017_001037,0017_001387,0017_001737,0017_000337,0017_000687
997,0017_001038,0017_001388,0017_001738,0017_000338,0017_000688
998,0017_001039,0017_001389,0017_001739,0017_000339,0017_000689
999,0017_001040,0017_001390,0017_001740,0017_000340,0017_000690
1000,0017_001041,0017_001391,0017_001741,0017_000341,0017_000691
1001,0017_001042,0017_001392,0017_001742,0017_000342,0017_000692
1002,0017_001043,0017_001393,0017_001743,0017_000343,0017_000693
1003,0017_001044,0017_001394,0017_001744,0017_000344,0017_000694
1004,0017_001045,0017_001395,0017_001745,0017_000345,0017_000695
1005,0017_001046,0017_001396,0017_001746,0017_000346,0017_000696
1006,0017_001047,0017_001397,0017_001747,0017_000347,0017_000697
1007,0017_001048,0017_001398,0017_001748,0017_000348,0017_000698
1008,0017_001049,0017_001399,0017_001749,0017_000349,0017_000699
1009,0017_001050,0017_001400,0017_001750,0017_000350,0017_000700
1010,0020_000701,0020_001051,0020_001401,0020_000001,0020_000351
1011,0020_000702,0020_001052,0020_001402,0020_000002,0020_000352
1012,0020_000703,0020_001053,0020_001403,0020_000003,0020_000353
1013,0020_000704,0020_001054,0020_001404,0020_000004,0020_000354
1014,0020_000705,0020_001055,0020_001405,0020_000005,0020_000355
1015,0020_000706,0020_001056,0020_001406,0020_000006,0020_000356
1016,0020_000707,0020_001057,0020_001407,0020_000007,0020_000357
1017,0020_000708,0020_001058,0020_001408,0020_000008,0020_000358
1018,0020_000709,0020_001059,0020_001409,0020_000009,0020_000359
1019,0020_000710,0020_001060,0020_001410,0020_000010,0020_000360
1020,0020_000711,0020_001061,0020_001411,0020_000011,0020_000361
1021,0020_000712,0020_001062,0020_001412,0020_000012,0020_000362
1022,0020_000713,0020_001063,0020_001413,0020_000013,0020_000363
1023,0020_000714,0020_001064,0020_001414,0020_000014,0020_000364
1024,0020_000715,0020_001065,0020_001415,0020_000015,0020_000365
1025,0020_000716,0020_001066,0020_001416,0020_000016,0020_000366
1026,0020_000717,0020_001067,0020_001417,0020_000017,0020_000367
1027,0020_000718,0020_001068,0020_001418,0020_000018,0020_000368
1028,0020_000719,0020_001069,0020_001419,0020_000019,0020_000369
1029,0020_000720,0020_001070,0020_001420,0020_000020,0020_000370
1030,0020_000721,0020_001071,0020_001421,0020_000021,0020_000371
1031,0020_000722,0020_001072,0020_001422,0020_000022,0020_000372
1032,0020_000723,0020_001073,0020_001423,0020_000023,0020_000373
1033,0020_000724,0020_001074,0020_001424,0020_000024,0020_000374
1034,0020_000725,0020_001075,0020_001425,0020_000025,0020_000375
1035,0020_000726,0020_001076,0020_001426,0020_000026,0020_000376
1036,0020_000727,0020_001077,0020_001427,0020_000027,0020_000377
1037,0020_000728,0020_001078,0020_001428,0020_000028,0020_000378
1038,0020_000729,0020_001079,0020_001429,0020_000029,0020_000379
1039,0020_000730,0020_001080,0020_001430,0020_000030,0020_000380
1040,0020_000731,0020_001081,0020_001431,0020_000031,0020_000381
1041,0020_000732,0020_001082,0020_001432,0020_000032,0020_000382
1042,0020_000733,0020_001083,0020_001433,0020_000033,0020_000383
1043,0020_000734,0020_001084,0020_001434,0020_000034,0020_000384
1044,0020_000735,0020_001085,0020_001435,0020_000035,0020_000385
1045,0020_000736,0020_001086,0020_001436,0020_000036,0020_000386
1046,0020_000737,0020_001087,0020_001437,0020_000037,0020_000387
1047,0020_000738,0020_001088,0020_001438,0020_000038,0020_000388
1048,0020_000739,0020_001089,0020_001439,0020_000039,0020_000389
1049,0020_000740,0020_001090,0020_001440,0020_000040,0020_000390
1050,0020_000741,0020_001091,0020_001441,0020_000041,0020_000391
1051,0020_000742,0020_001092,0020_001442,0020_000042,0020_000392
1052,0020_000743,0020_001093,0020_001443,0020_000043,0020_000393
1053,0020_000744,0020_001094,0020_001444,0020_000044,0020_000394
1054,0020_000745,0020_001095,0020_001445,0020_000045,0020_000395
1055,0020_000746,0020_001096,0020_001446,0020_000046,0020_000396
1056,0020_000747,0020_001097,0020_001447,0020_000047,0020_000397
1057,0020_000748,0020_001098,0020_001448,0020_000048,0020_000398
1058,0020_000749,0020_001099,0020_001449,0020_000049,0020_000399
1059,0020_000750,0020_001100,0020_001450,0020_000050,0020_000400
1060,0020_000751,0020_001101,0020_001451,0020_000051,0020_000401
1061,0020_000752,0020_001102,0020_001452,0020_000052,0020_000402
1062,0020_000753,0020_001103,0020_001453,0020_000053,0020_000403
1063,0020_000754,0020_001104,0020_001454,0020_000054,0020_000404
1064,0020_000755,0020_001105,0020_001455,0020_000055,0020_000405
1065,0020_000756,0020_001106,0020_001456,0020_000056,0020_000406
1066,0020_000757,0020_001107,0020_001457,0020_000057,0020_000407
1067,0020_000758,0020_001108,0020_001458,0020_000058,0020_000408
1068,0020_000759,0020_001109,0020_001459,0020_000059,0020_000409
1069,0020_000760,0020_001110,0020_001460,0020_000060,0020_000410
1070,0020_000761,0020_001111,0020_001461,0020_000061,0020_000411
1071,0020_000762,0020_001112,0020_001462,0020_000062,0020_000412
1072,0020_000763,0020_001113,0020_001463,0020_000063,0020_000413
1073,0020_000764,0020_001114,0020_001464,0020_000064,0020_000414
1074,0020_000765,0020_001115,0020_001465,0020_000065,0020_000415
1075,0020_000766,0020_001116,0020_001466,0020_000066,0020_000416
1076,0020_000767,0020_001117,0020_001467,0020_000067,0020_000417
1077,0020_000768,0020_001118,0020_001468,0020_000068,0020_000418
1078,0020_000769,0020_001119,0020_001469,0020_000069,0020_000419
1079,0020_000770,0020_001120,0020_001470,0020_000070,0020_000420
1080,0020_000771,0020_001121,0020_001471,0020_000071,0020_000421
1081,0020_000772,0020_001122,0020_001472,0020_000072,0020_000422
1082,0020_000773,0020_001123,0020_001473,0020_000073,0020_000423
1083,0020_000774,0020_001124,0020_001474,0020_000074,0020_000424
1084,0020_000775,0020_001125,0020_001475,0020_000075,0020_000425
1085,0020_000776,0020_001126,0020_001476,0020_000076,0020_000426
1086,0020_000777,0020_001127,0020_001477,0020_000077,0020_000427
1087,0020_000778,0020_001128,0020_001478,0020_000078,0020_000428
1088,0020_000779,0020_001129,0020_001479,0020_000079,0020_000429
1089,0020_000780,0020_001130,0020_001480,0020_000080,0020_000430
1090,0020_000781,0020_001131,0020_001481,0020_000081,0020_000431
1091,0020_000782,0020_001132,0020_001482,0020_000082,0020_000432
1092,0020_000783,0020_001133,0020_001483,0020_000083,0020_000433
1093,0020_000784,0020_001134,0020_001484,0020_000084,0020_000434
1094,0020_000785,0020_001135,0020_001485,0020_000085,0020_000435
1095,0020_000786,0020_001136,0020_001486,0020_000086,0020_000436
1096,0020_000787,0020_001137,0020_001487,0020_000087,0020_000437
1097,0020_000788,0020_001138,0020_001488,0020_000088,0020_000438
1098,0020_000789,0020_001139,0020_001489,0020_000089,0020_000439
1099,0020_000790,0020_001140,0020_001490,0020_000090,0020_000440
1100,0020_000791,0020_001141,0020_001491,0020_000091,0020_000441
1101,0020_000792,0020_001142,0020_001492,0020_000092,0020_000442
1102,0020_000793,0020_001143,0020_001493,0020_000093,0020_000443
1103,0020_000794,0020_001144,0020_001494,0020_000094,0020_000444
1104,0020_000795,0020_001145,0020_001495,0020_000095,0020_000445
1105,0020_000796,0020_001146,0020_001496,0020_000096,0020_000446
1106,0020_000797,0020_001147,0020_001497,0020_000097,0020_000447
1107,0020_000798,0020_001148,0020_001498,0020_000098,0020_000448
1108,0020_000799,0020_001149,0020_001499,0020_000099,0020_000449
1109,0020_000800,0020_001150,0020_001500,0020_000100,0020_000450
1110,0020_000801,0020_001151,0020_001501,0020_000101,0020_000451
1111,0020_000802,0020_001152,0020_001502,0020_000102,0020_000452
1112,0020_000803,0020_001153,0020_001503,0020_000103,0020_000453
1113,0020_000804,0020_001154,0020_001504,0020_000104,0020_000454
1114,0020_000805,0020_001155,0020_001505,0020_000105,0020_000455
1115,0020_000806,0020_001156,0020_001506,0020_000106,0020_000456
1116,0020_000807,0020_001157,0020_001507,0020_000107,0020_000457
1117,0020_000808,0020_001158,0020_001508,0020_000108,0020_000458
1118,0020_000809,0020_001159,0020_001509,0020_000109,0020_000459
1119,0020_000810,0020_001160,0020_001510,0020_000110,0020_000460
1120,0020_000811,0020_001161,0020_001511,0020_000111,0020_000461
1121,0020_000812,0020_001162,0020_001512,0020_000112,0020_000462
1122,0020_000813,0020_001163,0020_001513,0020_000113,0020_000463
1123,0020_000814,0020_001164,0020_001514,0020_000114,0020_000464
1124,0020_000815,0020_001165,0020_001515,0020_000115,0020_000465
1125,0020_000816,0020_001166,0020_001516,0020_000116,0020_000466
1126,0020_000817,0020_001167,0020_001517,0020_000117,0020_000467
1127,0020_000818,0020_001168,0020_001518,0020_000118,0020_000468
1128,0020_000819,0020_001169,0020_001519,0020_000119,0020_000469
1129,0020_000820,0020_001170,0020_001520,0020_000120,0020_000470
1130,0020_000821,0020_001171,0020_001521,0020_000121,0020_000471
1131,0020_000822,0020_001172,0020_001522,0020_000122,0020_000472
1132,0020_000823,0020_001173,0020_001523,0020_000123,0020_000473
1133,0020_000824,0020_001174,0020_001524,0020_000124,0020_000474
1134,0020_000825,0020_001175,0020_001525,0020_000125,0020_000475
1135,0020_000826,0020_001176,0020_001526,0020_000126,0020_000476
1136,0020_000827,0020_001177,0020_001527,0020_000127,0020_000477
1137,0020_000828,0020_001178,0020_001528,0020_000128,0020_000478
1138,0020_000829,0020_001179,0020_001529,0020_000129,0020_000479
1139,0020_000830,0020_001180,0020_001530,0020_000130,0020_000480
1140,0020_000831,0020_001181,0020_001531,0020_000131,0020_000481
1141,0020_000832,0020_001182,0020_001532,0020_000132,0020_000482
1142,0020_000833,0020_001183,0020_001533,0020_000133,0020_000483
1143,0020_000834,0020_001184,0020_001534,0020_000134,0020_000484
1144,0020_000835,0020_001185,0020_001535,0020_000135,0020_000485
1145,0020_000836,0020_001186,0020_001536,0020_000136,0020_000486
1146,0020_000837,0020_001187,0020_001537,0020_000137,0020_000487
1147,0020_000838,0020_001188,0020_001538,0020_000138,0020_000488
1148,0020_000839,0020_001189,0020_001539,0020_000139,0020_000489
1149,0020_000840,0020_001190,0020_001540,0020_000140,0020_000490
1150,0020_000841,0020_001191,0020_001541,0020_000141,0020_000491
1151,0020_000842,0020_001192,0020_001542,0020_000142,0020_000492
1152,0020_000843,0020_001193,0020_001543,0020_000143,0020_000493
1153,0020_000844,0020_001194,0020_001544,0020_000144,0020_000494
1154,0020_000845,0020_001195,0020_001545,0020_000145,0020_000495
1155,0020_000846,0020_001196,0020_001546,0020_000146,0020_000496
1156,0020_000847,0020_001197,0020_001547,0020_000147,0020_000497
1157,0020_000848,0020_001198,0020_001548,0020_000148,0020_000498
1158,0020_000849,0020_001199,0020_001549,0020_000149,0020_000499
1159,0020_000850,0020_001200,0020_001550,0020_000150,0020_000500
1160,0020_000851,0020_001201,0020_001551,0020_000151,0020_000501
1161,0020_000852,0020_001202,0020_001552,0020_000152,0020_000502
1162,0020_000853,0020_001203,0020_001553,0020_000153,0020_000503
1163,0020_000854,0020_001204,0020_001554,0020_000154,0020_000504
1164,0020_000855,0020_001205,0020_001555,0020_000155,0020_000505
1165,0020_000856,0020_001206,0020_001556,0020_000156,0020_000506
1166,0020_000857,0020_001207,0020_001557,0020_000157,0020_000507
1167,0020_000858,0020_001208,0020_001558,0020_000158,0020_000508
1168,0020_000859,0020_001209,0020_001559,0020_000159,0020_000509
1169,0020_000860,0020_001210,0020_001560,0020_000160,0020_000510
1170,0020_000861,0020_001211,0020_001561,0020_000161,0020_000511
1171,0020_000862,0020_001212,0020_001562,0020_000162,0020_000512
1172,0020_000863,0020_001213,0020_001563,0020_000163,0020_000513
1173,0020_000864,0020_001214,0020_001564,0020_000164,0020_000514
1174,0020_000865,0020_001215,0020_001565,0020_000165,0020_000515
1175,0020_000866,0020_001216,0020_001566,0020_000166,0020_000516
1176,0020_000867,0020_001217,0020_001567,0020_000167,0020_000517
1177,0020_000868,0020_001218,0020_001568,0020_000168,0020_000518
1178,0020_000869,0020_001219,0020_001569,0020_000169,0020_000519
1179,0020_000870,0020_001220,0020_001570,0020_000170,0020_000520
1180,0020_000871,0020_001221,0020_001571,0020_000171,0020_000521
1181,0020_000872,0020_001222,0020_001572,0020_000172,0020_000522
1182,0020_000873,0020_001223,0020_001573,0020_000173,0020_000523
1183,0020_000874,0020_001224,0020_001574,0020_000174,0020_000524
1184,0020_000875,0020_001225,0020_001575,0020_000175,0020_000525
1185,0020_000876,0020_001226,0020_001576,0020_000176,0020_000526
1186,0020_000877,0020_001227,0020_001577,0020_000177,0020_000527
1187,0020_000878,0020_001228,0020_001578,0020_000178,0020_000528
1188,0020_000879,0020_001229,0020_001579,0020_000179,0020_000529
1189,0020_000880,0020_001230,0020_001580,0020_000180,0020_000530
1190,0020_000881,0020_001231,0020_001581,0020_000181,0020_000531
1191,0020_000882,0020_001232,0020_001582,0020_000182,0020_000532
1192,0020_000883,0020_001233,0020_001583,0020_000183,0020_000533
1193,0020_000884,0020_001234,0020_001584,0020_000184,0020_000534
1194,0020_000885,0020_001235,0020_001585,0020_000185,0020_000535
1195,0020_000886,0020_001236,0020_001586,0020_000186,0020_000536
1196,0020_000887,0020_001237,0020_001587,0020_000187,0020_000537
1197,0020_000888,0020_001238,0020_001588,0020_000188,0020_000538
1198,0020_000889,0020_001239,0020_001589,0020_000189,0020_000539
1199,0020_000890,0020_001240,0020_001590,0020_000190,0020_000540
1200,0020_000891,0020_001241,0020_001591,0020_000191,0020_000541
1201,0020_000892,0020_001242,0020_001592,0020_000192,0020_000542
1202,0020_000893,0020_001243,0020_001593,0020_000193,0020_000543
1203,0020_000894,0020_001244,0020_001594,0020_000194,0020_000544
1204,0020_000895,0020_001245,0020_001595,0020_000195,0020_000545
1205,0020_000896,0020_001246,0020_001596,0020_000196,0020_000546
1206,0020_000897,0020_001247,0020_001597,0020_000197,0020_000547
1207,0020_000898,0020_001248,0020_001598,0020_000198,0020_000548
1208,0020_000899,0020_001249,0020_001599,0020_000199,0020_000549
1209,0020_000900,0020_001250,0020_001600,0020_000200,0020_000550
1210,0020_000901,0020_001251,0020_001601,0020_000201,0020_000551
1211,0020_000902,0020_001252,0020_001602,0020_000202,0020_000552
1212,0020_000903,0020_001253,0020_001603,0020_000203,0020_000553
1213,0020_000904,0020_001254,0020_001604,0020_000204,0020_000554
1214,0020_000905,0020_001255,0020_001605,0020_000205,0020_000555
1215,0020_000906,0020_001256,0020_001606,0020_000206,0020_000556
1216,0020_000907,0020_001257,0020_001607,0020_000207,0020_000557
1217,0020_000908,0020_001258,0020_001608,0020_000208,0020_000558
1218,0020_000909,0020_001259,0020_001609,0020_000209,0020_000559
1219,0020_000910,0020_001260,0020_001610,0020_000210,0020_000560
1220,0020_000911,0020_001261,0020_001611,0020_000211,0020_000561
1221,0020_000912,0020_001262,0020_001612,0020_000212,0020_000562
1222,0020_000913,0020_001263,0020_001613,0020_000213,0020_000563
1223,0020_000914,0020_001264,0020_001614,0020_000214,0020_000564
1224,0020_000915,0020_001265,0020_001615,0020_000215,0020_000565
1225,0020_000916,0020_001266,0020_001616,0020_000216,0020_000566
1226,0020_000917,0020_001267,0020_001617,0020_000217,0020_000567
1227,0020_000918,0020_001268,0020_001618,0020_000218,0020_000568
1228,0020_000919,0020_001269,0020_001619,0020_000219,0020_000569
1229,0020_000920,0020_001270,0020_001620,0020_000220,0020_000570
1230,0020_000921,0020_001271,0020_001621,0020_000221,0020_000571
1231,0020_000922,0020_001272,0020_001622,0020_000222,0020_000572
1232,0020_000923,0020_001273,0020_001623,0020_000223,0020_000573
1233,0020_000924,0020_001274,0020_001624,0020_000224,0020_000574
1234,0020_000925,0020_001275,0020_001625,0020_000225,0020_000575
1235,0020_000926,0020_001276,0020_001626,0020_000226,0020_000576
1236,0020_000927,0020_001277,0020_001627,0020_000227,0020_000577
1237,0020_000928,0020_001278,0020_001628,0020_000228,0020_000578
1238,0020_000929,0020_001279,0020_001629,0020_000229,0020_000579
1239,0020_000930,0020_001280,0020_001630,0020_000230,0020_000580
1240,0020_000931,0020_001281,0020_001631,0020_000231,0020_000581
1241,0020_000932,0020_001282,0020_001632,0020_000232,0020_000582
1242,0020_000933,0020_001283,0020_001633,0020_000233,0020_000583
1243,0020_000934,0020_001284,0020_001634,0020_000234,0020_000584
1244,0020_000935,0020_001285,0020_001635,0020_000235,0020_000585
1245,0020_000936,0020_001286,0020_001636,0020_000236,0020_000586
1246,0020_000937,0020_001287,0020_001637,0020_000237,0020_000587
1247,0020_000938,0020_001288,0020_001638,0020_000238,0020_000588
1248,0020_000939,0020_001289,0020_001639,0020_000239,0020_000589
1249,0020_000940,0020_001290,0020_001640,0020_000240,0020_000590
1250,0020_000941,0020_001291,0020_001641,0020_000241,0020_000591
1251,0020_000942,0020_001292,0020_001642,0020_000242,0020_000592
1252,0020_000943,0020_001293,0020_001643,0020_000243,0020_000593
1253,0020_000944,0020_001294,0020_001644,0020_000244,0020_000594
1254,0020_000945,0020_001295,0020_001645,0020_000245,0020_000595
1255,0020_000946,0020_001296,0020_001646,0020_000246,0020_000596
1256,0020_000947,0020_001297,0020_001647,0020_000247,0020_000597
1257,0020_000948,0020_001298,0020_001648,0020_000248,0020_000598
1258,0020_000949,0020_001299,0020_001649,0020_000249,0020_000599
1259,0020_000950,0020_001300,0020_001650,0020_000250,0020_000600
1260,0020_000951,0020_001301,0020_001651,0020_000251,0020_000601
1261,0020_000952,0020_001302,0020_001652,0020_000252,0020_000602
1262,0020_000953,0020_001303,0020_001653,0020_000253,0020_000603
1263,0020_000954,0020_001304,0020_001654,0020_000254,0020_000604
1264,0020_000955,0020_001305,0020_001655,0020_000255,0020_000605
1265,0020_000956,0020_001306,0020_001656,0020_000256,0020_000606
1266,0020_000957,0020_001307,0020_001657,0020_000257,0020_000607
1267,0020_000958,0020_001308,0020_001658,0020_000258,0020_000608
1268,0020_000959,0020_001309,0020_001659,0020_000259,0020_000609
1269,0020_000960,0020_001310,0020_001660,0020_000260,0020_000610
1270,0020_000961,0020_001311,0020_001661,0020_000261,0020_000611
1271,0020_000962,0020_001312,0020_001662,0020_000262,0020_000612
1272,0020_000963,0020_001313,0020_001663,0020_000263,0020_000613
1273,0020_000964,0020_001314,0020_001664,0020_000264,0020_000614
1274,0020_000965,0020_001315,0020_001665,0020_000265,0020_000615
1275,0020_000966,0020_001316,0020_001666,0020_000266,0020_000616
1276,0020_000967,0020_001317,0020_001667,0020_000267,0020_000617
1277,0020_000968,0020_001318,0020_001668,0020_000268,0020_000618
1278,0020_000969,0020_001319,0020_001669,0020_000269,0020_000619
1279,0020_000970,0020_001320,0020_001670,0020_000270,0020_000620
1280,0020_000971,0020_001321,0020_001671,0020_000271,0020_000621
1281,0020_000972,0020_001322,0020_001672,0020_000272,0020_000622
1282,0020_000973,0020_001323,0020_001673,0020_000273,0020_000623
1283,0020_000974,0020_001324,0020_001674,0020_000274,0020_000624
1284,0020_000975,0020_001325,0020_001675,0020_000275,0020_000625
1285,0020_000976,0020_001326,0020_001676,0020_000276,0020_000626
1286,0020_000977,0020_001327,0020_001677,0020_000277,0020_000627
1287,0020_000978,0020_001328,0020_001678,0020_000278,0020_000628
1288,0020_000979,0020_001329,0020_001679,0020_000279,0020_000629
1289,0020_000980,0020_001330,0020_001680,0020_000280,0020_000630
1290,0020_000981,0020_001331,0020_001681,0020_000281,0020_000631
1291,0020_000982,0020_001332,0020_001682,0020_000282,0020_000632
1292,0020_000983,0020_001333,0020_001683,0020_000283,0020_000633
1293,0020_000984,0020_001334,0020_001684,0020_000284,0020_000634
1294,0020_000985,0020_001335,0020_001685,0020_000285,0020_000635
1295,0020_000986,0020_001336,0020_001686,0020_000286,0020_000636
1296,0020_000987,0020_001337,0020_001687,0020_000287,0020_000637
1297,0020_000988,0020_001338,0020_001688,0020_000288,0020_000638
1298,0020_000989,0020_001339,0020_001689,0020_000289,0020_000639
1299,0020_000990,0020_001340,0020_001690,0020_000290,0020_000640
1300,0020_000991,0020_001341,0020_001691,0020_000291,0020_000641
1301,0020_000992,0020_001342,0020_001692,0020_000292,0020_000642
1302,0020_000993,0020_001343,0020_001693,0020_000293,0020_000643
1303,0020_000994,0020_001344,0020_001694,0020_000294,0020_000644
1304,0020_000995,0020_001345,0020_001695,0020_000295,0020_000645
1305,0020_000996,0020_001346,0020_001696,0020_000296,0020_000646
1306,0020_000997,0020_001347,0020_001697,0020_000297,0020_000647
1307,0020_000998,0020_001348,0020_001698,0020_000298,0020_000648
1308,0020_000999,0020_001349,0020_001699,0020_000299,0020_000649
1309,0020_001000,0020_001350,0020_001700,0020_000300,0020_000650
1310,0020_001001,0020_001351,0020_001701,0020_000301,0020_000651
1311,0020_001002,0020_001352,0020_001702,0020_000302,0020_000652
1312,0020_001003,0020_001353,0020_001703,0020_000303,0020_000653
1313,0020_001004,0020_001354,0020_001704,0020_000304,0020_000654
1314,0020_001005,0020_001355,0020_001705,0020_000305,0020_000655
1315,0020_001006,0020_001356,0020_001706,0020_000306,0020_000656
1316,0020_001007,0020_001357,0020_001707,0020_000307,0020_000657
1317,0020_001008,0020_001358,0020_001708,0020_000308,0020_000658
1318,0020_001009,0020_001359,0020_001709,0020_000309,0020_000659
1319,0020_001010,0020_001360,0020_001710,0020_000310,0020_000660
1320,0020_001011,0020_001361,0020_001711,0020_000311,0020_000661
1321,0020_001012,0020_001362,0020_001712,0020_000312,0020_000662
1322,0020_001013,0020_001363,0020_001713,0020_000313,0020_000663
1323,0020_001014,0020_001364,0020_001714,0020_000314,0020_000664
1324,0020_001015,0020_001365,0020_001715,0020_000315,0020_000665
1325,0020_001016,0020_001366,0020_001716,0020_000316,0020_000666
1326,0020_001017,0020_001367,0020_001717,0020_000317,0020_000667
1327,0020_001018,0020_001368,0020_001718,0020_000318,0020_000668
1328,0020_001019,0020_001369,0020_001719,0020_000319,0020_000669
1329,0020_001020,0020_001370,0020_001720,0020_000320,0020_000670
1330,0020_001021,0020_001371,0020_001721,0020_000321,0020_000671
1331,0020_001022,0020_001372,0020_001722,0020_000322,0020_000672
1332,0020_001023,0020_001373,0020_001723,0020_000323,0020_000673
1333,0020_001024,0020_001374,0020_001724,0020_000324,0020_000674
1334,0020_001025,0020_001375,0020_001725,0020_000325,0020_000675
1335,0020_001026,0020_001376,0020_001726,0020_000326,0020_000676
1336,0020_001027,0020_001377,0020_001727,0020_000327,0020_000677
1337,0020_001028,0020_001378,0020_001728,0020_000328,0020_000678
1338,0020_001029,0020_001379,0020_001729,0020_000329,0020_000679
1339,0020_001030,0020_001380,0020_001730,0020_000330,0020_000680
1340,0020_001031,0020_001381,0020_001731,0020_000331,0020_000681
1341,0020_001032,0020_001382,0020_001732,0020_000332,0020_000682
1342,0020_001033,0020_001383,0020_001733,0020_000333,0020_000683
1343,0020_001034,0020_001384,0020_001734,0020_000334,0020_000684
1344,0020_001035,0020_001385,0020_001735,0020_000335,0020_000685
1345,0020_001036,0020_001386,0020_001736,0020_000336,0020_000686
1346,0020_001037,0020_001387,0020_001737,0020_000337,0020_000687
1347,0020_001038,0020_001388,0020_001738,0020_000338,0020_000688
1348,0020_001039,0020_001389,0020_001739,0020_000339,0020_000689
1349,0020_001040,0020_001390,0020_001740,0020_000340,0020_000690
1350,0020_001041,0020_001391,0020_001741,0020_000341,0020_000691
1351,0020_001042,0020_001392,0020_001742,0020_000342,0020_000692
1352,0020_001043,0020_001393,0020_001743,0020_000343,0020_000693
1353,0020_001044,0020_001394,0020_001744,0020_000344,0020_000694
1354,0020_001045,0020_001395,0020_001745,0020_000345,0020_000695
1355,0020_001046,0020_001396,0020_001746,0020_000346,0020_000696
1356,0020_001047,0020_001397,0020_001747,0020_000347,0020_000697
1357,0020_001048,0020_001398,0020_001748,0020_000348,0020_000698
1358,0020_001049,0020_001399,0020_001749,0020_000349,0020_000699
1359,0020_001050,0020_001400,0020_001750,0020_000350,0020_000700
